int_id,dist_arcsec,ra,dec,g,z,fiberID,plate,mjd,bestobjid,specobjid
1,0.0136043633961521,118.0743,19.59508,15.92508,0.1170068,612,1582,52939,1237661125071208589,1781341927212345344
2,0.081081306970927,178.8973,12.88167,16.95386,0.121609,469,1610,53144,1237661813346009111,1812827820502575104
3,0.101140893981165,144.3691,32.76347,16.35206,0.1269882,466,1943,53386,1237664870287736963,2187751668907534336
4,0.0533373645916477,208.5268,23.43039,16.31171,0.05523464,517,2783,54524,1237665566604525581,3133521628521064448
5,0.0307332193589576,231.4939,18.23782,16.65883,0.1299694,483,2794,54537,1237665566614159471,3145897181865601024
6,0.0498003077232385,241.3321,14.81452,16.69633,0.3722553,468,2524,54568,1237665566618550423,2841900084369582080
7,0.0612387043309703,175.7751,18.72858,16.76234,0.3743551,9,2506,54179,1237667914342793240,2821507710560790528
8,0.00312834795410059,2.395248,18.06195,16.65883,0.3096726,207,7594,56947,1237679457073627157,8550140908842274816
9,0.0571144489940366,185.0495,2.061729,15.87744,0.2402315,280,519,52283,1237651735759159344,584419055767676928
10,0.0832432755860367,137.5417,48.22825,16.87082,0.1169703,58,765,52254,1237657772316622887,861329409469081600
10,0.0174251059885992,137.5417,48.22825,16.87082,0.1164524,610,7314,56990,1237657772316622887,8234999711444258816
11,0.0684145728990364,228.8969,48.09183,16.41499,0.311276,98,1330,52822,1237659162269777994,1497473861480900608
11,0.0223446231047094,228.8969,48.09183,16.41499,0.311537,220,8431,57482,1237659162269777994,9492522713258151936
12,0.0111237287262719,161.6762,39.33834,16.41776,0.3902647,134,1433,53035,1237661382241353805,1613451451063887872
12,0.0109938333845166,161.6762,39.33834,16.41776,0.3900391,521,8821,57731,1237661382241353805,9931706419354292224
13,0.0360970175798367,222.1046,35.99629,16.96139,0.1133184,476,1383,53116,1237662194539298898,1557250465324886016
13,0.0336435512181446,222.1046,35.99629,16.96139,0.1132963,682,10751,58220,1237662194539298898,12104737503107633152
14,0.0469639941661495,171.1633,42.02917,15.97791,0.2248686,358,1443,53055,1237662195058933794,1624772023119013888
15,0.0415683049549494,154.9562,33.3677,16.28752,0.02291058,136,1955,53442,1237664337708187670,2201171759019878400
16,0.0294719540229794,176.6918,37.25325,16.86649,0.2947017,59,1997,53442,1237664338252988445,2248438389508433920
16,0.0104871563973588,176.6918,37.25325,16.86649,0.2951808,959,8873,57427,1237664338252988445,9990373605933076480
17,0.119900273152668,211.7516,28.45408,16.05963,0.07700984,443,2123,53793,1237665430243704865,2390407336775673856
18,0.0623640110066472,232.9219,20.32497,16.6885,0.04937034,457,2164,53886,1237665440994427031,2436573082807199744
19,0.0247985389570555,246.768,14.35689,16.99149,0.1490557,592,2202,53566,1237665441000784065,2479394382415947776
20,0.130421063005522,204.5662,4.54261,16.61407,0.02294176,111,853,52374,1237671958054502484,960423171813566464
21,0.0831615648714564,216.9512,5.039453,16.29135,0.1058275,368,585,52027,1237654881274757156,658752634580133888
22,0.0361753908176924,156.3803,51.67635,16.14119,0.04458556,558,1008,52707,1237657590852681764,1135060533385390080
23,0.0280447445971429,187.5924,66.36517,16.87714,0.1842309,124,494,51915,1237658607148531745,556228670969112576
24,0.0331311180980509,184.4791,58.6599,16.65442,0.02310827,403,1315,52791,1237658608755736616,1480669200119785472
25,0.0178900311246771,208.8711,35.39226,16.97568,0.3144614,348,1838,53467,1237664853641658425,2069499744454993920
25,0.0127684977122695,208.8711,35.39226,16.97568,0.3147805,255,8878,57785,1237664853641658425,9995809597427044352
26,0.00261024224218035,232.1692,28.42496,16.28151,0.4473778,630,1847,54176,1237664854187704371,2079710371081381888
27,0.0349752280699044,208.3588,36.34708,15.80024,0.2848447,512,2033,53476,1237664854715138070,2289095306417039360
28,0.0227356443159804,211.5912,22.39626,16.07289,0.09831072,10,2784,54529,1237667911140835354,3134508165412972544
29,0.0619463597096174,191.6469,2.369114,16.35253,0.0481308,173,522,52024,1237671763713851428,587767339206862848
30,0.0197069045689671,230.5211,1.440722,16.99887,0.1133047,240,2953,54560,1237655468599804071,3324848472108066816
31,0.0371768994577283,253.6493,33.04761,16.92994,0.1218863,31,1175,52791,1237655471824437368,1322940958580434944
32,0.0671302419841897,149.882,50.74697,16.83845,0.1434333,363,1006,52708,1237657632190562344,1132755132396627968
32,0.0479341119858836,149.882,50.74697,16.83845,0.143485,707,7282,56660,1237657632190562344,8198997572045787136
33,0.104625521377265,184.2912,7.191568,16.76701,0.007548481,32,1624,53386,1237661971185270795,1828470301613123584
34,0.0561899462069568,13.02321,0.5939338,16.68117,0.3996431,421,692,52201,1237663784739995674,779238496060598272
34,0.0561899462069568,13.02321,0.5939338,16.68117,0.3996353,510,1132,52903,1237663784739995674,1274658930982676480
34,0.00163575333125092,13.02321,0.5939338,16.68117,0.4000103,77,9412,58096,1237663784739995674,10596991224631283712
35,0.0332676699303968,210.7596,33.3343,16.65577,0.341655,459,2121,54180,1237665103820095515,2388159941501282304
36,0.0313974980426562,209.1065,25.2566,16.33354,0.1637161,479,2119,53792,1237665531709947914,2385913632736176128
37,0.0222825099073786,222.6577,22.73433,16.81456,0.02095448,491,2144,53770,1237665532252323890,2414064428573026304
38,0.00762665310031674,221.1318,15.61201,16.70567,0.04960209,5,2762,54533,1237668297145516085,3109736993140008960
39,0.0216395718571507,340.8269,32.76678,16.6824,0.4871873,520,7141,56565,1237672764436185523,8040194281418543104
40,0.000797234056429363,13.44232,22.53955,16.71861,0.1485672,603,7620,56904,1237679478012575854,8579523157349912576
41,0.120812480000269,177.308,-1.7483,16.75572,0.4580766,577,329,52056,1237650371554508818,370579708397512704
42,0.0215729866132459,206.087,66.62156,16.53604,0.1277341,466,497,51989,1237651273514745920,559700380175329280
43,0.0275741577412592,120.3832,47.60446,16.24095,0.1568366,384,438,51884,1237651274031628444,493249743921637376
44,0.024772696017347,45.08918,-7.249686,16.94013,0.3880886,383,458,51929,1237652901304533008,515767467935557632
44,0.0652993276517156,45.08918,-7.249686,16.94013,0.388484,922,7059,56592,1237652901304533008,7947980990429024256
45,0.0667065739689248,180.9487,52.13049,15.8166,0.1773402,320,883,52430,1237657628991225893,994257619440920576
46,0.0924816762630744,188.7329,15.56564,16.89869,0.04582256,547,1768,53442,1237661070338555922,1990741451260061696
47,0.0665538571704145,47.61596,-0.8307899,16.10538,0.08017143,122,412,51871,1237663783144521731,463904328114006016
47,0.0665538571704145,47.61596,-0.8307899,16.10538,0.0801526,133,412,51931,1237663783144521731,463907352777615360
47,0.0665538571704145,47.61596,-0.8307899,16.10538,0.08014693,132,412,51936,1237663783144521731,463907077983594496
47,0.0665538571704145,47.61596,-0.8307899,16.10538,0.08014796,132,412,51942,1237663783144521731,463907078084257792
47,0.0665538571704145,47.61596,-0.8307899,16.10538,0.08020398,129,412,52235,1237663783144521731,463906258366261248
47,0.0665538571704145,47.61596,-0.8307899,16.10538,0.08018456,131,412,52250,1237663783144521731,463906808373733376
47,0.0665538571704145,47.61596,-0.8307899,16.10538,0.08017954,131,412,52254,1237663783144521731,463906808440842240
47,0.0665538571704145,47.61596,-0.8307899,16.10538,0.08017637,129,412,52258,1237663783144521731,463906258752137216
48,0.048109538635194,140.9292,22.90906,15.85028,0.03310638,578,2290,53727,1237667254535258208,2578469728628533248
49,0.0878485208702033,208.6487,18.08818,16.48697,0.1514729,228,2756,54508,1237668297677013119,3103042891052771328
50,0.013393510362115,188.0151,20.15821,15.89994,0.06355042,342,2613,54481,1237668298205364227,2942070540002682880
51,0.0365166612651462,221.6676,16.40063,16.97924,0.05418641,423,2763,54507,1237668298219389033,3110977791575746560
52,0.0120034943235876,350.7361,18.97127,16.9569,0.1418399,430,7604,56947,1237672766054006804,8561461205683949568
53,0.000974953187088512,9.052099,5.831075,16.51268,0.4147801,79,8748,58396,1237678663038533695,9849394241276760064
54,0.0687045579712644,154.8024,63.96741,15.99857,0.04151702,161,488,51914,1237651272431829033,549483441993836544
55,0.132254768699913,187.0288,67.14559,16.91778,0.443349,266,494,51915,1237651272437792771,556267703631898624
56,0.152195993256325,28.87512,-8.951136,16.97454,0.1647034,597,665,52168,1237652900760584218,748887576533821440
56,0.0163617532485727,28.87512,-8.951136,16.97454,0.164699,734,7184,56629,1237652900760584218,8088666802358603776
57,0.023572902653921,233.9683,57.90264,15.27618,0.0302201,83,615,52345,1237654949448450067,692451296917088256
57,0.023572902653921,233.9683,57.90264,15.27618,0.03022659,108,615,52347,1237654949448450067,692458168898316288
58,0.0418075591158582,161.424,52.04321,16.86564,0.284112,220,1010,52649,1237657589780316167,1137219423493449728
58,0.00529515839370061,161.424,52.04321,16.86564,0.284092,958,8167,57071,1237657589780316167,9195487990851588096
59,0.105355455942497,182.3503,10.60335,16.65855,0.3949879,489,1229,52723,1237658493354115106,1383865446490466304
60,0.0393832124888638,206.1101,44.27223,16.98159,0.05435376,367,1345,52814,1237661852549709864,1514436302106290176
61,0.0636091524679914,246.0391,26.07526,16.85316,0.0392371,640,1575,53493,1237662620264497244,1773468333740419072
62,0.0612820757139117,223.7084,11.24291,16.51175,0.4674143,11,1714,53521,1237662636368330851,1929795523057838080
63,0.0734180589002939,238.6858,8.372623,15.94623,0.1188412,568,1727,53859,1237662636374949957,1944585334511659008
64,0.0502436023646964,203.022,31.46013,16.65084,0.08976129,250,2109,53468,1237665227312136208,2374591681191241728
65,0.0195297150684186,242.1516,12.33099,16.34526,0.03339824,532,2525,54569,1237667782322028653,2843043576479246336
66,0.0457997476603919,258.2686,35.39266,16.35358,0.08366632,148,2972,54586,1237671936043909353,3346215282006845440
67,0.04306215699857,245.9412,41.08234,16.76639,0.033103,76,1171,52753,1237659326565449796,1318449727821342720
68,0.114972673704765,236.376,48.76916,16.36417,0.399824,355,812,52352,1237659327097864217,914328345473214464
68,0.00456617297568108,236.376,48.76916,16.36417,0.3996714,896,8429,57893,1237659327097864217,9490456737804996608
69,0.145833374504404,125.065,59.70789,16.30832,0.3679648,413,1873,54437,1237663789569474622,2108924124532336640
70,0.0918464524233549,119.9207,50.83998,16.62594,0.05436408,11,1869,53327,1237663915728568373,2104310005363664896
71,0.0100668563942584,198.074,35.25585,15.79803,0.1829528,61,2016,53799,1237665129622339736,2269831043483723776
72,0.0112558565734753,226.6705,24.50927,16.81786,0.3557244,341,2155,53820,1237665178452557856,2426408096701114368
73,0.0202742744626909,222.7865,27.15748,15.55721,0.06449452,637,2142,54208,1237665180061335571,2411852768282175488
74,0.0717809688923046,39.84531,-0.02212425,15.64838,0.261786,177,706,52199,1237666407922991134,794934024513546240
74,0.00734991104049905,39.84531,-0.02212425,15.64838,0.2615414,530,9371,58073,1237666407922991134,10550953847756705792
75,0.0514688056043234,209.1367,21.06454,16.81795,0.300457,12,2769,54527,1237667735592435753,3117620216532592640
76,0.00127993395600759,11.02031,1.561901,16.69379,0.4280129,108,7856,57260,1237678595947823134,8845099476773523456
77,0.0371016110640465,346.1812,-8.685734,15.36474,0.04702275,510,725,52258,1237653438155128872,816417658076424192
78,0.121227744523291,213.312,-3.20759,16.48063,0.005893506,83,916,52378,1237655497594896459,1031347169430366208
79,0.0756483666574023,48.75589,42.03582,16.81771,0.02309059,348,1665,52976,1237661059573875305,1874719052333606912
79,0.133177048626617,48.75589,42.03582,16.81771,0.02313472,349,1666,52991,1237661059573875305,1875845227370014720
80,0.0507242307146575,218.798,36.07701,16.95174,0.4285249,526,1645,53172,1237662305117339725,1852249985752524800
80,0.0157211394162123,218.798,36.07701,16.95174,0.4286717,983,10757,58223,1237662305117339725,12111575640849010688
81,0.0385154655200295,232.4191,30.48593,16.43601,0.03571216,620,1651,53442,1237662305122910284,1859031228246681600
82,0.0213590867295564,236.1272,28.4658,16.61018,0.2323568,515,1653,53534,1237662305124614166,1861254167423641600
83,0.00975771192352352,214.9863,37.65357,16.9806,0.4759721,58,1380,53084,1237662305652768807,1553757866102384640
83,0.00702787206086867,214.9863,37.65357,16.9806,0.4769755,688,10756,58226,1237662305652768807,12110368652009951232
84,0.110896838377207,15.60966,-0.6512572,16.15622,0.2942613,276,396,51816,1237663783130497044,445932259879446528
84,0.00148135536534509,15.60966,-0.6512572,16.15622,0.2937849,436,7874,57279,1237663783130497044,8865455835368935424
84,0.00146796829020587,15.60966,-0.6512572,16.15622,0.2943392,602,9388,58074,1237663783130497044,10570113937399107584
85,0.0330499757173447,120.2559,18.81133,16.6939,0.1395377,382,1923,53319,1237664836996891003,2165210579902425088
86,0.0250942858484571,131.7254,25.37009,16.59569,0.05079341,534,1931,53358,1237664837002395706,2174259561253332992
87,0.0788924600987024,176.9941,27.24982,16.07895,0.362186,280,2223,53793,1237667442967969827,2502952522361104384
88,0.0785326338459196,187.1286,28.23661,16.66731,0.09969537,594,2233,53845,1237667444045643815,2514297833964726272
89,0.0275309809685792,189.7877,0.8573465,16.51577,0.3962561,604,2920,54562,1237648705653637151,3287793830773942272
90,0.0932468528628387,192.7518,66.05744,16.80311,0.2817113,207,495,51988,1237651067891417167,557377386966968320
91,0.0726942564977184,239.0733,55.13919,16.90064,0.3864042,463,619,52056,1237651539261194318,697059345300482048
91,0.01648139020611,239.0733,55.13919,16.90064,0.3870074,651,8413,57897,1237651539261194318,9472374994275422208
92,0.231526980111512,115.9668,27.21097,15.81747,0.2527491,220,1059,52592,1237657118403657960,1192388517972436992
92,0.231526980111512,115.9668,27.21097,15.81747,0.2527351,215,1059,52618,1237657118403657960,1192387144019109888
93,0.0876343262800397,151.4244,43.54456,16.45981,0.1788042,20,942,52703,1237660637067542562,1060603255152732160
93,0.0216579491811911,151.4244,43.54456,16.45981,0.1782913,228,8287,57401,1237660637067542562,9330395324337115136
94,0.0394966241527343,225.6766,39.86903,16.81493,0.3415512,514,1398,53146,1237661434858373164,1574149409791305728
95,0.0645988801855926,214.2534,44.93511,16.64235,0.1137073,296,1287,52728,1237661435927855168,1449114589735184384
96,0.00998984477455651,231.9742,6.17192,16.28328,0.1743191,140,1819,54540,1237662262713647203,2048050489622292480
97,0.00847862157356693,185.9957,40.73594,16.58805,0.09574385,490,1986,53475,1237664669519642696,2236171963464706048
98,0.0241142830478571,240.683,17.7511,16.79807,0.35581,193,2199,53556,1237665441534705741,2475907006242777088
99,0.0791215177303065,161.1156,27.30175,16.98099,0.07582421,25,2356,53786,1237667253469708300,2652627115987462144
100,0.0419813257376007,176.4562,29.11169,16.6046,0.1426254,194,2222,53799,1237667253475672093,2501802983054927872
101,0.0378707599288432,186.4248,20.91759,16.49753,0.3338061,330,2612,54480,1237668299278450691,2940941341544179712
102,0.00446648700488493,247.8169,9.932747,16.79772,0.09159148,599,2532,54589,1237668311632904348,2850943292982454272
103,0.0183467515859595,139.2599,-0.7382082,16.60262,0.3218345,50,472,51955,1237650795143233717,531438532724549632
103,0.00714504470893077,139.2599,-0.7382082,16.60262,0.322346,174,3821,55535,1237650795143233717,4302111465664696320
104,0.0839767563257254,141.3098,54.74086,16.35682,0.4736708,553,554,52000,1237653613722337304,623900589427812352
104,0.0203876839633849,141.3098,54.74086,16.35682,0.4740823,940,7285,56991,1237653613722337304,8202439323871891456
105,0.0440306939204281,129.9569,48.78374,16.96376,0.03919747,535,550,51959,1237653614255145094,619392041310251008
106,0.125510098823652,216.1009,59.88346,16.09305,0.1347965,507,789,52342,1237655465922789404,888474428889917440
107,0.0235773334767053,118.1072,28.51109,16.43003,0.06191602,623,1059,52592,1237657630579359815,1192499293768935424
107,0.0235773334767053,118.1072,28.51109,16.43003,0.06183716,628,1059,52618,1237657630579359815,1192500668594677760
108,0.134715036182634,173.1677,52.9504,16.22972,0.02659269,580,879,52365,1237657630599872600,989825486978836480
108,0.134715036182634,173.1677,52.9504,16.22972,0.02645922,337,880,52367,1237657630599872600,990884591587846144
109,0.0160973717298494,126.6396,7.713446,16.80975,0.3113525,187,1758,53084,1237661066553786531,1979383490138892288
110,0.0432429937944413,162.5323,11.5413,16.08801,0.1337497,118,1601,53115,1237661949708075070,1802598238709114880
111,0.00490421270559506,197.8986,14.41311,16.83783,0.1139307,77,1772,53089,1237662525234479221,1995115852348811264
112,0.049666887044977,208.1075,13.48146,16.82419,0.402565,149,1777,53857,1237662529526694003,2000765155977226240
113,0.00109924019649,25.1459,23.74754,16.77703,0.3233816,980,7687,57007,1237666275277209644,8655062081807339520
114,0.0654037335564229,157.0606,21.33198,16.90939,0.3733639,9,2366,53741,1237667549268082776,2663881716254402560
115,0.0443340466756564,164.6127,22.59265,16.78429,0.09356441,228,2486,53876,1237667549271228440,2799049905602062336
116,0.126632318594916,162.9644,-0.8549052,15.79092,0.3589468,251,276,51909,1237648720149544981,310817400670939136
117,0.0767222502584554,166.6324,-0.8812137,16.26549,0.4236993,710,3773,55240,1237648720151117971,4248215599745093632
118,0.0836710408814596,258.5485,57.97611,16.62054,0.09262062,414,355,51788,1237651212287475940,399808296380295168
119,0.068471595582613,256.1724,60.74181,15.44781,0.3715231,377,353,51703,1237651225171132471,397546324657989632
120,0.155604217098875,260.1112,55.6734,16.97341,0.3594384,475,357,51813,1237651225710362748,402076864165734400
120,0.155604217098875,260.1112,55.6734,16.97341,0.3592547,472,367,51997,1237651225710362748,413335041687447552
121,0.0528940778904072,139.9806,55.3603,16.00401,0.1228317,133,451,51908,1237651249878007833,507817448758601728
122,0.0121030111775331,226.5438,2.280562,16.40363,0.1346648,586,539,52017,1237651736851054654,607021162081314816
123,0.119376389947445,200.4374,3.51548,16.36615,0.2688896,537,526,52312,1237651737913393173,592370999224199168
124,0.0363907929177609,260.6664,30.88128,16.36721,0.04310874,133,2974,54592,1237654953748201616,3348462958752589824
125,0.202717128801025,176.9795,9.041351,16.30482,0.06871108,9,1225,52760,1237660612902977553,1379229906088519680
126,0.0360026373265792,173.3977,9.650426,16.93888,0.3789705,39,1223,52781,1237660613975146630,1376986352964364288
127,0.0713910702262056,178.4215,10.29835,16.50361,0.1605024,435,1227,52733,1237660614514245640,1381598803437578240
128,0.0513847144465406,172.0543,10.38565,16.34229,0.05014781,471,1223,52781,1237660615048364067,1377105100220164096
129,0.0335733774057717,174.4085,10.65838,16.69853,0.1745976,412,1224,52765,1237660615049347102,1378214782062061568
130,0.117406238652144,175.0422,10.49115,16.95953,0.1496747,502,1224,52765,1237660615049609277,1378239521073686528
131,0.0848174043457897,154.188,42.17376,16.21303,0.05502596,54,1218,52709,1237660634383777814,1371360975390795776
132,0.0573386505636549,185.1462,38.88791,16.93722,0.3755406,547,2001,53493,1237662223530655780,2253076130410031104
132,0.00408815658048889,185.1462,38.88791,16.93722,0.3758788,374,8834,57458,1237662223530655780,9946302706510745600
133,0.0529611476135283,357.9839,-1.153695,15.71855,0.1738203,86,386,51788,1237663275779424259,434621033538938880
133,0.0223197395773974,357.9839,-1.153695,15.71855,0.1743928,698,9208,57688,1237663275779424259,10367478335970496512
134,0.0545325186872821,149.9827,13.04382,16.31363,0.03524098,372,1744,53055,1237664106852450313,1963671743369340928
135,0.0156119879771989,206.9061,30.21452,16.62782,0.1175316,630,2094,53851,1237665329860575281,2357807642618914816
136,0.0837483399708589,175.3173,21.93937,16.68558,0.06329135,639,2504,54179,1237667782293979150,2819429083828480000
137,0.167338559573925,180.8872,2.492928,16.65983,0.07723631,360,517,52024,1237651736294195259,582189241841248256
138,0.0142585822495925,131.9419,38.52759,16.8273,0.3139918,446,8829,57446,1237657775541714969,9940692997984505856
139,0.0677683058292912,128.1056,37.12673,16.01139,0.09166554,23,827,52312,1237657776614015113,931125583939659776
140,0.00472459228333947,116.4236,31.71574,15.67346,0.460881,46,755,52235,1237657596220211254,850067111547004928
141,0.0967719336158069,119.0836,30.75986,16.97004,0.2364408,293,1061,52641,1237657606420758795,1194660384695412736
142,0.0463711058574482,163.6862,48.52753,15.86201,0.2858998,545,963,52643,1237658613589999623,1084391463090939904
143,0.0435765698985877,151.8587,12.81562,15.37424,0.2407427,630,1744,53055,1237661069785956459,1963742661869332480
144,0.00512378222006129,183.0835,45.86062,16.96341,0.3859257,151,7427,56751,1237661874013601827,8362100227948433408
145,0.0102712678872197,228.6795,36.84734,16.68498,0.3705309,580,1353,53083,1237661874028871772,1523502054868281344
145,0.0255117716730435,228.6795,36.84734,16.68498,0.3700202,410,10743,58222,1237661874028871772,12095655537095757824
146,0.070242178744922,170.0891,11.07633,16.80213,0.4951543,135,1605,53062,1237661948637544582,1807106510371710976
147,0.0106423521518418,178.4553,11.47512,16.40065,0.1756542,249,1610,53144,1237661948641148990,1812767347363047424
148,0.021072272931892,239.7901,35.02986,15.71574,0.03102375,78,1417,53141,1237662504293892158,1595421661170001920
149,0.0753360424579314,195.5963,14.10251,16.92333,0.2852145,107,1771,53498,1237662524696625212,1993998205641058304
150,0.00345157708794053,21.94901,26.61102,16.9953,0.4175824,161,7683,58133,1237680075005952144,8650333376065327104
151,0.0388233296011302,153.5078,46.33159,16.68918,0.321395,605,943,52376,1237658205575970929,1061889953148987392
151,0.0231190741798285,153.5078,46.33159,16.68918,0.3218609,270,6662,56364,1237658205575970929,7500819503191969792
151,0.00668517812952221,153.5078,46.33159,16.68918,0.3219058,578,7385,56710,1237658205575970929,8314929804039442432
152,0.600485184295744,65.29309,27.94676,16.95096,0.0004606231,531,1250,52930,1237660554376183949,1407520892879136768
152,0.600485184295744,65.29309,27.94676,16.95096,0.001250121,60,1251,52964,1237660554376183949,1408517325862234112
153,0.741461133565621,64.72856,28.13537,16.8638,0.0004606231,194,1251,52964,1237660554913185806,1408554159501764608
154,0.0228377005223922,231.6001,27.91448,16.66256,0.2308216,390,1848,54180,1237662697571025035,2080770300357666816
155,0.0318486107840387,182.6845,38.33619,16.11059,0.02289685,120,2108,53473,1237664339328827423,2373430047240382464
156,0.0784301640275291,216.8983,26.53738,16.5915,0.3636065,340,2135,53827,1237665429172125706,2403889823803795456
157,0.0306682633587452,230.3094,22.46218,16.29501,0.136087,114,2158,54209,1237665429177696323,2429723405663102976
158,0.00708360714856365,141.8271,23.0201,16.87856,0.02641824,278,2293,53730,1237667211586109448,2581764965027309568
159,0.0709901799580755,241.9138,10.59879,16.91273,0.4583784,404,2526,54582,1237668271378661560,2844134292232103936
160,0.0148883388394111,241.0457,11.44989,16.98166,0.4362721,278,2525,54569,1237668271915073651,2842973757490882560
161,0.000863744056184951,11.24638,19.36145,16.89184,0.178817,630,7618,56898,1237679459748610052,8577278779139051520
162,0.0661125881389376,144.2544,1.095481,16.61865,0.05024875,529,476,52027,1237651752920940614,536073800077305856
162,0.0661125881389376,144.2544,1.095481,16.61865,0.05026412,523,476,52314,1237651752920940614,536072155624925184
163,0.0741420290189695,193.8321,1.736734,16.00927,0.3428728,215,523,52026,1237651752942632987,588904784019351552
164,0.152240647854984,129.2454,44.43397,15.63172,0.2543997,498,762,52232,1237655108362109100,858072655658510336
165,0.145452297721872,146.9833,53.83342,16.81651,0.4871534,225,769,52282,1237655108368662532,865878914176673792
165,0.145452297721872,146.9833,53.83342,16.81651,0.4870799,238,769,54530,1237655108368662532,865882525304645632
165,0.0088081353131924,146.9833,53.83342,16.81651,0.4828672,444,8188,57348,1237655108368662532,9218990606298402816
166,0.0217117599718894,180.047,10.02656,16.84693,0.08525841,29,1227,52733,1237658492816261137,1381487203007358976
167,0.0360529305146181,208.3997,26.52988,16.82974,0.3079511,84,6006,56105,1237665550497546278,6762178032667217920
168,0.0377959803947204,227.3075,17.95278,16.84569,0.1705441,89,2792,54556,1237665565001973817,3143537080475346944
169,0.0580773209291769,169.4763,26.57129,16.80266,0.4207183,262,2216,53795,1237667430105677962,2495066275244435456
170,0.0657913835330095,181.1997,17.04912,16.99519,0.2979022,150,2595,54207,1237668495247212561,2921751560524425216
171,0.00242601063824056,343.2807,19.70961,16.94032,0.2840043,283,7609,56959,1237679504848912411,8567050298367168512
172,0.0372730771453861,133.2467,3.222397,16.21801,0.2967729,383,565,52225,1237654601556033738,636238762933774336
173,0.0737715888797865,151.0839,5.216799,16.4356,0.1601164,4,995,52731,1237658422476144713,1120271552638642176
174,0.0264700432710665,146.3724,9.602892,16.93962,0.01317231,179,1305,52757,1237660669814177814,1469348627829778432
175,0.0190950402612793,160.8603,11.09007,16.7986,0.04752789,310,1601,53115,1237660669820403794,1802651015267248128
176,0.0647189411052728,146.8884,10.08576,16.90138,0.1389904,548,1305,52757,1237660670351245396,1469450057777440768
177,0.0547897382874555,150.1412,10.78993,16.61263,0.2262018,494,1307,52999,1237660670889558085,1471687018244237312
178,0.0707331634674617,165.2574,11.04693,16.98309,0.03562488,218,1603,53119,1237661811729498144,1804877526380603392
179,0.0521727146295984,176.0846,11.58356,16.97898,0.270652,160,1608,53138,1237661811734151232,1810491083314980864
179,0.0171822502325686,176.0846,11.58356,16.97898,0.2702015,248,3245,54894,1237661811734151232,3653613449533038592
180,0.032319925456619,186.4447,12.66187,16.44751,0.008624043,388,1615,53166,1237661812812349452,1818435055295424512
181,0.145803741244705,192.3822,52.51087,16.58836,0.1621236,396,886,52381,1237662302428463129,997656209060292608
181,0.00526074487689179,192.3822,52.51087,16.58836,0.1617695,561,8222,57431,1237662302428463129,9257303365238673408
182,0.122005866917,226.0074,44.98639,16.75674,0.4921223,55,1676,53147,1237662302438621215,1887023414951045120
182,0.00124371447236472,226.0074,44.98639,16.75674,0.4925389,930,8490,57104,1237662302438621215,9559145964734009344
183,0.0488801429777313,244.8189,33.71067,16.88519,0.4704914,16,1683,53436,1237662302446616670,1894893998909188096
183,0.0189346520804246,244.8189,33.71067,16.88519,0.4704802,242,10727,58197,1237662302446616670,12077594958678478848
184,0.0562610770782165,117.2771,45.17608,16.89018,0.1921579,620,1736,53052,1237663546898317389,1954732713785190400
184,0.0137252195161533,117.2771,45.17608,16.89018,0.1921771,795,8276,57067,1237663546898317389,9318166275531493376
184,0.0137252195161533,117.2771,45.17608,16.89018,0.1923193,411,8305,57749,1237663546898317389,9350711831155724288
185,0.0163292244417646,120.3245,48.45489,16.93505,0.4267182,106,1779,53089,1237663546900021305,2003005123156011008
185,0.0170210434366765,120.3245,48.45489,16.93505,0.4268849,556,7324,56935,1237663546900021305,8246243866182963200
186,0.146115456100244,3.199722,-8.783506,16.83776,0.2201505,326,652,52138,1237672842284105777,734176385328769024
186,0.0504185480297511,3.199722,-8.783506,16.83776,0.2203586,665,7169,56628,1237672842284105777,8071759337163608064
187,0.0277077031393344,125.7845,42.25584,16.86009,0.05618256,372,761,52266,1237673309358719012,856912121705818112
187,0.0277077031393344,125.7845,42.25584,16.86009,0.05601526,396,761,54524,1237673309358719012,856918756658538496
188,0.055913686730776,119.582,42.32643,16.61562,0.2110851,222,437,51869,1237673310430494741,492079313542211584
188,0.055913686730776,119.582,42.32643,16.61562,0.2110707,234,437,51876,1237673310430494741,492082612194535424
188,0.27396846340221,119.582,42.32643,16.61562,0.2112494,998,3674,55182,1237673310430494741,4136830672831795200
188,0.0180798293703067,119.582,42.32643,16.61562,0.2112217,871,8291,57391,1237673310430494741,9335075670290878464
189,0.0515967226391247,220.1587,53.50442,15.70771,0.03688876,292,1163,52669,1237661388680200322,1309501900785215488
190,0.0812819018522479,247.8518,29.88377,16.92048,0.2541572,260,1685,53463,1237662301374840978,1897212869385152512
191,0.0367327453709687,134.1375,59.96303,16.88484,0.2807869,481,1785,54439,1237663547442987076,2009863624461412352
191,0.0135562787110516,134.1375,59.96303,16.88484,0.2834395,585,8197,57064,1237663547442987076,9229162458480136192
192,0.115390997691451,123.7338,53.42598,16.74668,0.119668,444,1781,53297,1237663547976122397,2005349835191904256
193,0.0184632818112767,232.2811,56.26852,16.55593,0.09967799,524,2883,54525,1237668603681636416,3246113543367452672
194,0.162355000940005,136.2291,51.24572,16.8848,0.2244014,155,552,51992,1237654381977272374,621539388072945664
194,0.0226691229933865,136.2291,51.24572,16.8848,0.2246903,300,7295,57067,1237654381977272374,8213522402354941952
195,0.0538426912590355,118.19,26.29326,16.8992,0.08193932,104,858,52316,1237657879150788730,966050746229352448
196,0.0769566512534026,187.7255,11.00312,16.65485,0.2355721,417,1232,52731,1237658493893279772,1387223355135911936
197,0.0471402560704298,237.7012,40.02914,16.97337,0.4965286,309,1054,52516,1237659118794440735,1186783481296873472
198,0.015079175783882,172.1708,57.83514,16.8757,0.05126621,443,1309,52762,1237661354314956869,1473924795308468224
199,0.0224749226019372,178.4241,46.21173,16.54811,0.02425128,129,1446,53080,1237661355931795520,1628086776218281984
200,0.136604417067402,175.1996,46.36801,15.93698,0.1145197,202,1444,53054,1237661356467683397,1625855042055596032
201,0.0144283480777113,179.7191,42.57034,16.80872,0.03150504,599,1447,53120,1237661967428419615,1629341869412476928
202,0.0403240379110886,238.3687,9.850583,16.64328,0.1918546,566,1726,53137,1237662637985300487,1943458872735852544
203,0.133438954264398,211.7446,14.71063,16.37388,0.265141,295,2745,54231,1237662638510571558,3090676404249978880
204,0.0150947401084759,244.3486,8.904106,16.88356,0.206697,149,2529,54585,1237662638524727575,2847441898136692736
205,0.0823024435466046,160.183,33.01644,16.72587,0.08178837,292,2025,53431,1237665129071771733,2280027633267795968
206,0.0254854643050672,214.9586,19.73764,16.65453,0.07721192,466,2773,54533,1237667735057989732,3122248610830379008
207,0.0427841686166336,147.1778,50.49207,16.61317,0.0563294,134,902,52409,1237657770171957290,1015598590027917312
208,0.0865999410555789,246.5302,33.98759,16.34169,0.204809,379,1058,52520,1237659153681219695,1191306322444838912
209,0.121650512226793,243.2568,37.28749,16.41038,0.06949385,444,1056,52764,1237659154216255572,1189072393788745728
210,0.0210157157423343,244.4402,6.064871,16.7914,0.03787673,111,1731,53884,1237662198827843743,1948963315354986496
211,0.0285122393330191,244.2976,6.642639,16.97769,0.2290608,251,1732,53501,1237662199364583771,1950127691743127552
212,0.143343103920031,135.4631,10.50571,16.19361,0.2009477,419,1738,53051,1237671260125724849,1956929263122802688
213,0.0011924578455262,21.70038,3.451865,16.73906,0.2169792,244,8762,57693,1237680097551974459,9865202183032819712
214,0.137928308397511,167.5503,1.224408,16.78682,0.09478367,527,278,51900,1237648722835865677,313145066635945984
215,0.0367389561555069,136.154,55.60077,16.84809,0.03724452,469,450,51908,1237651252024836118,506783907828492288
216,0.0412453923939443,197.0788,3.743675,16.95362,0.2273587,248,850,52338,1237655123940999236,957083129762310144
217,0.0605697788410596,173.5937,4.191013,16.42927,0.1080859,59,837,52642,1237655124467646510,942394484149217280
218,0.0644176035710471,210.4026,4.274238,16.91477,0.1642211,10,856,52339,1237655125020573787,963773108278290432
219,0.0655683527419618,170.2858,53.85584,16.44148,0.1027759,74,1012,52649,1237658801497374731,1139431091132721152
220,0.0401665046943806,200.2028,51.0538,16.95929,0.4657001,114,1667,53430,1237662301356884038,1876906538333923328
220,0.0104929514549298,200.2028,51.0538,16.95929,0.466573,734,8210,57426,1237662301356884038,9243840120150577152
221,0.0513231434451646,215.374,47.79015,15.06143,0.07260436,946,6751,56368,1237662301361471517,7601210412433166336
222,0.0374757730319272,177.824,38.37266,15.81762,0.3342988,639,1997,53442,1237664820359462950,2248597818694461440
223,0.0550926122010767,171.9016,26.91403,16.95666,0.379181,640,2216,53795,1237667323251916811,2495170179093260288
224,0.0642867520912778,146.8148,63.28791,16.41837,0.4868797,391,487,51943,1237651274040999952,548420764492130304
225,0.138097598065463,127.495,51.51237,16.5243,0.3420524,614,442,51882,1237651495224410119,497816565434050560
225,0.0891021193629647,127.495,51.51237,16.5243,0.3424423,446,7302,57012,1237651495224410119,8221443832954507264
226,0.171009349908151,10.65358,-10.82279,16.86559,0.04199469,58,655,52162,1237652946382749732,737480418172889088
227,0.0197072285545978,15.3043,-9.461707,16.29563,0.3569269,548,658,52146,1237652947995394051,740992807799384064
228,0.0433120998616465,339.032,13.73204,16.27131,0.325743,383,739,52264,1237656242236948506,832145347378702336
228,0.0433120998616465,339.032,13.73204,16.27131,0.3257094,388,739,52520,1237656242236948506,832146726063204352
229,0.0252273224637778,152.2289,37.65832,16.54636,0.05348795,551,1426,52993,1237661383311818774,1605684775098542080
230,0.033528868010715,322.9552,72.36486,15.81843,0.0004606231,241,2538,54271,1237663228538519645,2857600280797669376
231,0.0274607865996809,189.5842,17.84421,16.62967,0.4522137,503,2599,54234,1237668624624975912,2926352192505931776
231,0.0274607865794322,189.5842,17.84421,16.62967,0.4527477,732,5854,56035,1237668624624975912,6591219366536433664
232,0.0715411611716242,196.3937,18.32579,16.97038,0.1182318,443,2603,54479,1237668625701535848,2930839303569303552
233,0.0257038031665962,152.6855,0.7253646,16.10938,0.1774282,537,270,51909,1237648722292506678,304140616311269376
234,0.0170503422861465,166.4125,2.049276,16.58266,0.1055859,74,508,52366,1237651753467510819,571977533336086528
235,0.0442726883840764,169.0131,2.147849,16.94248,0.210923,315,511,52636,1237651753468625012,575421483162036224
236,0.10229234677048,210.0768,5.045073,16.5108,0.03417736,528,856,52339,1237655126094119082,963915495034087424
237,0.115226159862811,166.9856,47.743,16.82817,0.07267616,60,964,52646,1237658611980238874,1085384047263246336
238,0.00392912687040208,124.4097,24.39169,16.84719,0.2823286,477,1585,52962,1237661086956388518,1784682518801311744
238,0.00392912680437824,124.4097,24.39169,16.84719,0.282236,908,11118,58522,1237661086956388518,12518004896392564736
239,0.0582790287785601,142.416,37.70242,16.42717,0.4405904,77,1214,52731,1237661852529000477,1366863698324383744
239,0.0146788166008006,142.416,37.70242,16.42717,0.4416304,984,8862,57461,1237661852529000477,9977995579475906560
240,0.0438287132380703,239.6578,28.47752,16.5824,0.322985,578,1391,52817,1237662307273212005,1566285697109747712
241,0.0639463646136371,216.6278,39.06205,16.97026,0.08168268,447,1381,53089,1237662307800580110,1554990693598914560
242,0.130417264760852,25.0711,-0.834175,16.14605,0.3340511,247,401,51788,1237663783134625892,451553787484596224
242,0.130417264760852,25.0711,-0.834175,16.14605,0.3338968,57,698,52203,1237663783134625892,785893839977080832
242,0.00085242952114644,25.0711,-0.834175,16.14605,0.3344068,742,7845,56980,1237663783134625892,8832888845693636608
242,0.000846526506212044,25.0711,-0.834175,16.14605,0.3344446,998,9379,58081,1237663783134625892,10560089690006114304
243,0.07207265657069,33.63984,-0.76672,16.30253,0.02609349,132,1073,52649,1237663783138361393,1208126928368723968
244,0.0219643039127451,136.8482,17.27121,16.86702,0.09829526,438,2437,53848,1237667485918625874,2743938534057469952
244,0.0336568320060987,136.8482,17.27121,16.86702,0.09820116,685,9550,57787,1237667485918625874,10752532532358828032
245,0.00081563656694835,39.54195,1.571956,16.93913,0.391866,64,7824,57282,1237678437553143914,8809058585495752704
245,0.000863091069125559,39.54195,1.571956,16.93913,0.3918985,24,9420,57715,1237678437553143914,10605983848964837376
246,0.0192245114119375,101.2848,-0.7657849,16.71708,0.2589196,146,7258,56605,1237646791699663123,8171821766853021696
247,0.123807954708715,52.55527,-5.543316,16.96597,0.01336469,361,461,51910,1237649964066930743,519139120023365632
248,0.054957724648786,188.1562,66.41452,16.94973,0.0467449,89,494,51915,1237651271364247574,556219050242369536
249,0.0404712679897419,321.5819,-6.902491,16.9166,0.4174148,513,640,52178,1237652600102191125,720716989286344704
249,0.0404712679897419,321.5819,-6.902491,16.9166,0.4175721,513,640,52200,1237652600102191125,720716989655443456
250,0.110621757446505,10.59289,-10.62884,16.46609,0.4236842,282,656,52148,1237652629103116341,738667890496006144
251,0.0177891233552601,241.283,48.57281,16.65927,0.2944251,282,622,52054,1237655349966077998,700387292086298624
251,0.00381122146027637,241.283,48.57281,16.65927,0.2946006,604,8060,57894,1237655349966077998,9074919407848017920
252,0.0759370261834345,223.1028,45.37323,16.83617,0.4675706,4,1675,53466,1237662499462774858,1885883501622880256
252,0.0103610374934616,223.1028,45.37323,16.83617,0.4684283,290,8489,57483,1237662499462774858,9557844149325287424
253,0.00232723183546208,196.7865,34.40607,16.69324,0.1863378,618,2006,53476,1237665024909312062,2258725145990424576
254,0.0445629415051549,198.5946,34.49402,16.52378,0.07446658,315,2023,53851,1237665025446838328,2277782162692401152
255,0.101249796402697,32.95089,21.26339,16.72804,0.4894076,48,2046,53327,1237666273669873724,2303604459357366272
256,0.0710255379893423,163.1552,24.1076,16.1135,0.3971013,555,2481,54068,1237667551418253375,2793510294364645376
256,0.0710255379893423,163.1552,24.1076,16.1135,0.3970262,532,2481,54086,1237667551418253375,2793503972474775552
256,0.0254004887537878,163.1552,24.1076,16.1135,0.3984866,30,6417,56308,1237667551418253375,7224908054378336256
256,0.00952126067102888,163.1552,24.1076,16.1135,0.3981908,633,10467,58138,1237667551418253375,11784968459171155968
257,0.0428499255796092,207.4702,2.079206,16.61031,0.03288136,165,530,52026,1237674601603072055,596772339471902720
258,0.0797734490764006,23.5758,0.2601968,16.81288,0.3996014,512,400,51820,1237657071157444676,450500730759964672
258,0.0797734490764006,23.5758,0.2601968,16.81288,0.3998835,395,698,52203,1237657071157444676,785986748709627904
258,0.000835773580677529,23.5758,0.2601968,16.81288,0.4010983,738,7847,57012,1237657071157444676,8835139546532564992
258,0.000835773580677529,23.5758,0.2601968,16.81288,0.4010474,530,9399,58125,1237657071157444676,10582479046020714496
259,0.165774087611442,29.95939,0.3946919,15.87031,0.1634896,550,403,51871,1237657071160262668,453888876696594432
259,0.000794689498563589,29.95939,0.3946919,15.87031,0.162808,1,9390,58103,1237657071160262668,10572200536077258752
260,0.0921593129237589,169.7404,58.05655,16.90623,0.02783847,129,951,52398,1237658302207426574,1070766310889121792
261,0.0592828514968952,176.4981,46.21921,16.99962,0.1542298,11,1444,53054,1237660634390986757,1625802540375369728
261,0.0216070332418231,176.4981,46.21921,16.99962,0.1540704,518,7404,56776,1237660634390986757,8336305410702331904
262,0.0719461055203491,153.5436,42.39652,16.7216,0.09349871,149,1218,52709,1237660634920452148,1371387088791955456
263,0.043343320903693,211.1617,43.45208,15.65463,0.3228939,216,1467,53115,1237661433242779716,1651754589227083776
264,0.0538203511342033,214.6759,42.56205,16.4582,0.4203161,44,1394,53108,1237661433243959449,1569516616910137344
264,0.016521810123458,214.6759,42.56205,16.4582,0.4207306,834,8504,57518,1237661433243959449,9574882182096506880
265,0.044814276917668,221.6914,40.58494,15.85512,0.2679094,190,1397,53119,1237661433783320584,1572934448989628416
266,0.07421262638394,212.7226,9.17415,16.75896,0.17813,602,1809,53792,1237662238015291407,2036918471597516800
267,0.0504371575362074,218.2667,8.788016,16.74023,0.3677692,586,2908,54611,1237662238017650787,3274278084911589376
268,0.0694846375546136,223.6431,8.060195,16.70955,0.129768,573,1814,54555,1237662238020010072,2042540012473444352
269,0.0514601916559049,205.9864,25.64659,16.42306,0.0863796,66,2246,53767,1237665548886081562,2528789395910191104
270,0.0187458521685803,224.6781,21.60276,16.86163,0.06334238,56,2148,54526,1237665548893749307,2418448468994451456
271,0.041615567492346,172.7885,26.53551,16.96711,0.2432972,229,2219,53816,1237667429570052151,2498434904346355712
272,0.0841106132741431,195.7452,16.40771,16.30954,0.06738997,259,2603,54479,1237668589190709289,2930788726034425856
273,0.119291551164642,180.3098,-3.678097,15.90819,0.01948028,121,331,52368,1237650760243216505,372706169120122880
274,0.0396734143743868,199.2642,-2.261318,16.79556,0.01930216,38,4053,55591,1237650761862086708,4563282861596364800
275,0.0590696074538642,118.8554,39.18608,16.12328,0.03316471,344,544,52201,1237654391639638190,612584144249055232
276,0.00589140838751861,115.3599,35.78406,16.80782,0.1335356,772,9362,57801,1237654392174608477,10540887264485199872
277,0.24173451523508,172.1734,63.59753,16.90683,0.1250467,217,597,52059,1237654398616797207,672221927435167744
278,0.0339102551381538,169.813,48.39922,16.95897,0.4368987,198,965,52438,1237658203970273341,1086547876831586304
278,0.0282244371208451,169.813,48.39922,16.95897,0.437501,958,7394,57131,1237658203970273341,8325167363868872704
279,0.0649957935826693,192.9913,6.228234,16.74124,0.374943,260,1792,54270,1237661970115264597,2017684172956526592
280,0.0113861999561538,176.1447,7.087914,16.95477,0.07481194,189,1621,53383,1237661971181731895,1825135757673654272
281,0.0572346346664718,121.3945,54.52468,16.39052,0.4047702,236,1871,53384,1237663787956502579,2106623653662713856
281,0.00838188249599203,121.3945,54.52468,16.39052,0.4050659,297,7281,57007,1237663787956502579,8197758978018791424
282,0.0274162220697289,196.9568,35.02787,16.97731,0.3008436,216,2016,53799,1237665129085075513,2269873649559300096
282,0.00914582001808605,196.9568,35.02787,16.97731,0.300459,63,10251,58173,1237665129085075513,11541617399473393664
283,0.036597326550897,200.8552,34.51648,16.85916,0.4426132,65,2023,53851,1237665129086517293,2277713443215665152
284,0.0312752189371271,162.9329,33.99075,16.8643,0.1670667,637,2025,53431,1237665129609756690,2280122466145691648
284,0.0248971127971183,162.9329,33.99075,16.8643,0.1671385,560,10268,58487,1237665129609756690,11560894317477515264
285,0.0392895393393921,141.478,19.90142,15.6198,0.1926965,130,2289,53708,1237667292116615199,2577220683100612608
285,0.00560191951283726,141.478,19.90142,15.6198,0.1920949,212,9561,57809,1237667292116615199,10764787414453211136
286,0.0465925733641861,133.6635,17.68956,16.11911,0.06521195,151,2281,53711,1237667292650143749,2568219256332249088
286,0.0465925733641861,133.6635,17.68956,16.11911,0.06520693,287,2283,53729,1237667292650143749,2570508439843268608
287,0.0389870652070893,142.6435,20.73795,16.90487,0.2433558,112,2289,53708,1237667292654075927,2577215735298287616
287,0.0231353252453817,142.6435,20.73795,16.90487,0.2422345,36,9561,57809,1237667292654075927,10764739035941588992
288,0.0227804473330974,147.2478,43.5886,16.82064,0.2261382,502,941,52709,1237658205036871793,1059609846497699840
288,0.021061186144338,147.2478,43.5886,16.82064,0.2262564,457,8286,57062,1237658205036871793,9329332365783486464
289,0.0932220444852499,70.6395,24.20092,16.50431,0.0004606231,275,1257,52944,1237660557062570087,1415331823717738496
290,0.0134015260167201,146.9381,7.422379,16.88852,0.08555584,47,1234,52724,1237660583368196151,1389373450006587392
291,0.0627003307925151,232.8253,7.457756,16.02225,0.03369032,373,1820,54208,1237662238560878668,2049240430511417344
292,0.015675600850232,153.2632,35.8566,15.40775,0.07885244,614,1951,53389,1237664668971434032,2196799550142834688
293,0.0453609332852167,121.2197,21.34727,16.59025,0.1244479,124,1584,52943,1237664669494542388,1783459586674550784
294,0.0513756260676305,226.7963,23.94818,16.94665,0.4434626,108,2152,53874,1237665442602221603,2422966351334238208
295,0.0844582869120639,164.5051,20.48718,16.6594,0.06627592,308,2488,54149,1237667781752651797,2801323700228483072
296,0.000660381230316786,15.80414,2.35276,16.99887,0.3939092,930,7858,57281,1237678597023662093,8847577226579038208
296,0.00158523258591515,15.80414,2.35276,16.99887,0.3937449,906,9393,58100,1237678597023662093,10575827000253239296
297,0.0512156570794777,212.5153,0.2139643,-9999,0.1358185,510,302,51616,1237648704589856863,340161986711021568
297,0.0512156570794777,212.5153,0.2139643,-9999,0.1358213,516,302,51688,1237648704589856863,340163637186422784
298,0.172510214752303,141.5427,59.47983,15.51814,0.3429511,91,485,51909,1237651538166415451,546086500735936512
299,0.108351486156041,134.135,50.68724,16.42035,0.2344913,492,551,51993,1237654382513553449,620506122037520384
300,0.0427354316418027,220.2981,-2.209765,16.65174,0.08226972,23,919,52409,1237655498671718476,1034708376996571136
301,0.0694567706864114,198.2737,-2.177567,16.98876,0.0837663,482,340,51691,1237655499198955616,382938487847938048
301,0.0694567706864114,198.2737,-2.177567,16.98876,0.08373255,485,340,51990,1237655499198955616,382939317498046464
302,0.00893978397265219,244.2059,41.90455,16.98264,0.4404943,416,1171,52753,1237659326027923505,1318543186309703680
302,0.0198501064742548,244.2059,41.90455,16.98264,0.441226,701,8526,57898,1237659326027923505,9599615427660763136
303,0.0142936622197559,228.269,30.70119,16.87122,0.3483747,229,1649,53149,1237662224083320873,1856671946255656960
304,0.08738348669782,151.0109,28.92649,15.86561,0.3291404,522,2345,53757,1237665126920486976,2640378830845405184
304,0.0134162681645051,151.0109,28.92649,15.86561,0.3288024,658,10449,58137,1237665126920486976,11764709132778885120
305,0.0234941113442617,20.49925,-1.040099,16.43903,0.05435418,10,398,51789,1237666338116927553,448110941716899840
306,0.0298036574464137,186.2269,21.37956,15.87608,0.4338264,204,2646,54479,1237667781224628269,2979187303743776768
307,0.0880995534684658,195.0832,61.65504,16.80391,0.05218846,59,782,52320,1237655369290154042,880469983870609408
308,0.0929562838913623,127.689,34.09224,16.95142,0.06234368,52,1197,52668,1237657628436136041,1347716526903420928
309,0.0800239867818772,143.7605,43.51963,15.7502,0.4562829,80,870,52325,1237657628442951821,979554948192692224
309,0.0800239867818772,143.7605,43.51963,15.7502,0.4569354,321,940,52670,1237657628442951821,1058434193035388928
309,0.0158831414615323,143.7605,43.51963,15.7502,0.4574838,764,4638,55956,1237657628442951821,5222133874583425024
310,0.143080713566755,148.916,45.53806,16.92546,0.259275,322,942,52703,1237657628444786773,1060686268280629248
310,0.0116719113007035,148.916,45.53806,16.92546,0.2593244,383,7284,56683,1237657628444786773,8201160311803498496
311,0.12968720126245,183.956,54.70666,16.86134,0.150085,23,1018,52672,1237658801500848188,1146172472186398720
311,0.0156448124799645,183.956,54.70666,16.86134,0.1500787,390,8214,57867,1237658801500848188,9248249169176711168
312,0.000838696493673612,218.0192,39.74417,16.53744,0.3481508,172,1349,52797,1237661872414392455,1518886300256593920
312,0.0294384145937563,218.0192,39.74417,16.53744,0.3483029,473,10749,58485,1237661872414392455,12102428258257358848
313,0.0232331891933707,182.6348,45.00573,16.85025,0.3608546,611,1369,53089,1237661872939728918,1541524974693541888
313,0.00253512119709815,182.6348,45.00573,16.85025,0.3613026,243,7427,56751,1237661872939728918,8362125516715872256
314,0.079513477529716,24.53975,-1.155627,16.75846,0.2729934,82,4230,55483,1237663782597492781,4762579237923475456
315,0.0286411307471577,160.2999,28.46808,16.39174,0.210506,575,2356,53786,1237667255080124453,2652778298836281344
315,0.0285665198827616,160.2999,28.46808,16.39174,0.21093,364,10471,58132,1237667255080124453,11789398116540895232
315,0.0285665198827616,160.2999,28.46808,16.39174,0.210941,40,11353,58467,1237667255080124453,12782352779554607104
316,0.0304489819359993,176.2928,30.78812,16.49436,0.05897063,453,2222,53799,1237667255623155793,2501874176432826368
317,0.0104210634172378,236.884,10.41423,15.96552,0.1382551,249,2520,54584,1237668331498438759,2837336286749026304
318,0.0259665106766075,235.9198,11.46705,16.67449,0.4215071,157,2516,54241,1237668332571656247,2832807392599631872
319,0.104019809581666,71.1199,12.35326,16.59634,0.08929483,451,2669,54086,1237673453240516809,3005150889850726400
320,0.0133568420384226,352.3841,4.634581,16.9425,0.2221254,262,11288,58401,1237679005023469614,12709230307397881856
321,0.00624752450289737,142.2908,46.74002,16.32318,0.2399645,615,833,52314,1237657401883951120,938043711135180800
321,0.00624752450289737,142.2908,46.74002,16.32318,0.2400684,315,834,52316,1237657401883951120,939087147703494656
322,0.0843263736020422,184.317,8.161687,16.9848,0.3419518,633,1624,53386,1237658424638111781,1828635503235196928
323,0.0626907295982009,253.964,21.76716,16.36361,0.1534853,144,1415,52885,1237661464921637034,1593187999003207680
324,0.0190470307777535,213.2881,9.336452,16.69759,0.4596158,504,1810,53794,1237662264316067873,2038017433503033344
325,0.0310602147072919,182.8107,36.96099,16.81626,0.1707076,460,2105,53472,1237664818213683234,2370145805991438336
325,0.0121351582731585,182.8107,36.96099,16.81626,0.171159,620,8865,57426,1237664818213683234,9981273223051104256
326,0.00675025591916945,236.9314,20.8713,15.55966,0.264278,484,2168,53886,1237665535466537048,2441084104138057728
327,0.0592577591817974,230.4013,24.48162,16.98663,0.165382,243,2160,53885,1237665536537198687,2432010659290966016
328,0.0319006243168617,212.1159,24.15685,16.85882,0.1303311,91,2124,53770,1237665548351701040,2391436479273396224
329,0.060874630118509,188.4237,31.01745,16.92953,0.2907429,566,2234,53823,1237667255627743243,2515416036921075712
329,0.0300515932200172,188.4237,31.01745,16.92953,0.2909834,654,11396,58490,1237667255627743243,12830935250969579520
330,0.0941385801984218,157.8929,28.78364,16.84554,0.06026049,123,2354,53799,1237667287812800519,2650402254426761216
331,0.0452803260526198,255.6294,32.7888,15.93361,0.1632425,114,973,52426,1237655473435574299,1095531986140817408
332,0.071776072445172,239.1079,9.05519,16.7925,0.04249031,634,1726,53137,1237662534360957178,1943477564433524736
333,0.14579781064159,243.555,26.0712,16.28082,0.1309488,35,1393,52824,1237662618653098133,1568388238337402880
334,0.0638046798642638,169.3524,15.63348,16.61567,0.3697132,562,1752,53379,1237664133169152030,1972731174862219264
335,0.0281091282557214,171.6792,15.76524,16.8727,0.4343848,324,1754,53385,1237664133170135057,1974917553834715136
336,0.0659662918437499,190.5442,33.28406,15.97251,0.0435284,51,2020,53431,1237665331465027589,2274331888158009344
337,0.0450068248312515,169.7862,21.32165,14.38875,0.1756461,516,6430,56299,1237667734502637678,7239678343679070208
338,0.0219877419200783,195.4805,21.73181,16.70025,0.20008,265,2650,54505,1237667734513123354,2983707671359678464
339,0.104912637838392,257.5559,33.73405,16.22801,0.2075965,4,974,52427,1237655130381615382,1096627649494673408
340,0.0351072869632905,173.3499,55.07108,16.37877,0.009057861,463,1014,52707,1237658802571968533,1141789819425286144
341,0.0325665341614604,203.2535,45.30251,16.9778,0.3192542,11,1463,53063,1237661360761471049,1647194638756374528
341,0.00534131809320206,203.2535,45.30251,16.9778,0.3194144,164,7407,56772,1237661360761471049,8339585803576692736
342,0.00236286795582976,216.2314,42.23545,16.66672,0.3158536,260,1395,52825,1237661360765796468,1570701885696927744
343,0.0458645036690109,220.7608,40.75698,16.8438,0.2461701,316,1397,53119,1237661360767434781,1572969083605903360
343,0.018760832045947,220.7608,40.75698,16.8438,0.2460642,202,8497,58161,1237661360767434781,9566827170699169792
344,0.101396337046724,113.2883,45.91841,16.07273,0.1415131,508,1866,53314,1237663917873234053,2101068919744784384
345,0.0539648111389057,157.7462,31.04883,16.90125,0.1780642,66,1959,53440,1237665127460110343,2205656117160208384
345,0.0131951646874461,157.7462,31.04883,16.90125,0.178397,61,10460,58161,1237665127460110343,11776929930046361600
346,0.0393444291523419,184.0809,21.56418,16.9937,0.4930311,133,2645,54477,1237667733971599436,2978041887471986688
347,0.0539736647190764,193.4072,21.43841,16.13624,0.1266571,215,2649,54212,1237667733975400572,2982568022641764352
348,0.00202136102868299,11.53324,9.122485,16.62128,0.2377224,120,11047,58424,1237678905713754177,12437849397571899392
349,0.101383955924222,117.7559,29.23865,16.88922,0.1207952,293,1060,52636,1237657242959872190,1193534484704684032
350,0.08907489298939,131.157,5.260785,16.92717,0.3761259,28,1187,52708,1237658491721220237,1336450931436316672
351,0.109032857924993,165.5247,8.743277,16.41374,0.294261,89,1220,52723,1237658491736227862,1373622396166105088
352,0.02053751288054,147.4705,39.03443,16.47719,0.3646627,433,1277,52765,1237660765382049800,1437893249560766464
352,0.0161822456540855,147.4705,39.03443,16.47719,0.365164,580,8823,57446,1237660765382049800,9933974432182980608
353,0.0607551467329126,147.7016,39.44735,16.43262,0.2055347,332,1277,52765,1237660765919051807,1437865486892165120
354,0.0493736406259911,194.3315,44.49317,16.32795,0.3003726,36,1373,53063,1237661850935427117,1545870519088211968
354,0.0207442246137632,194.3315,44.49317,16.32795,0.3004193,679,8376,57786,1237661850935427117,9430724392441368576
355,0.0108445400676296,169.2767,44.22592,15.90426,0.1437301,378,1365,53062,1237661851464499273,1536957328060868608
356,0.0432833826255258,218.7186,48.66187,16.09112,0.03664102,300,1047,52733,1237662303509676064,1178899711688468480
357,0.121745407114029,31.5666,-0.2914532,15.18858,0.0429575,141,404,51812,1237663783674314797,454902350549641216
357,0.121745407114029,31.5666,-0.2914532,15.18858,0.04297762,143,404,51877,1237663783674314797,454902901395974144
358,0.0192983165352591,187.5043,33.9837,16.49371,0.4475948,143,2015,53819,1237665023832227881,2268727683900794880
358,0.0241601866430301,187.5043,33.9837,16.49371,0.4470214,218,10247,58162,1237665023832227881,11537156405737050112
359,0.000530764445701792,6.221632,6.946805,16.65075,0.3134726,823,8746,58396,1237669701583503408,9847346950625841152
359,0.000530764445701792,6.221632,6.946805,16.65075,0.3134624,400,11313,58426,1237669701583503408,12737415738639536128
360,0.0784123367010037,204.5741,48.27806,16.74431,0.0276994,113,1283,52762,1237658204517171275,1444560688021268480
361,0.0317302200502693,50.55792,0.9204017,16.89125,0.1846759,328,414,51869,1237660241924522032,466212752742967296
361,0.0317302200502693,50.55792,0.9204017,16.89125,0.1847804,341,414,51901,1237660241924522032,466216326692628480
361,0.0317302200502693,50.55792,0.9204017,16.89125,0.1847106,329,1181,53358,1237660241924522032,1329778281150441472
362,0.0108292318349063,134.6196,34.39552,16.16731,0.2568103,96,1211,52964,1237660343395287063,1363491225193179136
362,0.0065210772608623,134.6196,34.39552,16.16731,0.2569794,21,10239,58142,1237660343395287063,11528095055199096832
363,0.0359103556466528,144.9356,39.40079,16.6577,0.4545194,150,1215,52725,1237660343399481397,1368009664217769984
363,0.00823445155769724,144.9356,39.40079,16.6577,0.4551418,636,8833,57779,1237660343399481397,9945248830001008640
364,0.0334301268157864,197.4458,8.330064,15.66752,0.153836,457,1795,54507,1237661972801585176,2021116027600922624
365,0.0492936212197191,200.731,8.161554,16.446,0.04994619,369,1799,53556,1237661972802961489,2025595422017349632
366,0.0245103442044086,198.0196,6.68544,16.27522,0.2418267,106,1795,54507,1237661974942253080,2021019545455585280
367,0.0542551749373121,169.6262,40.43168,15.90712,0.1548114,204,1440,53084,1237662193447665730,1621351992687355904
368,0.0288411664998558,196.5554,39.25744,16.09817,0.4459953,618,2018,53800,1237664294757400614,2272235950308354048
369,0.0127462768946583,172.7895,31.23486,16.02135,0.2898963,174,1974,53430,1237665329310924824,2222574302409025536
370,0.0262894370309777,119.3766,15.41475,16.44567,0.3885836,335,2266,53679,1237667109034131612,2551381334727616512
371,0.0798977351246174,211.0299,21.55602,16.68239,0.2610683,419,2771,54527,1237667910066897008,3119983891654404096
372,0.0754520678095917,210.6435,21.99767,16.56074,0.06649079,75,2784,54529,1237667910603571302,3134526032476923904
372,0.00221425838486462,210.6435,21.99767,16.56074,0.06628997,802,5870,56065,1237667910603571302,6609253007002718208
373,0.129092673313978,358.9343,30.21235,16.61485,0.03060896,347,6498,56565,1237680483025223766,7316193087440834560
374,0.0222161074617958,337.3923,30.95337,16.61726,0.3195133,916,7711,57667,1237680499137052974,8682066098458480640
375,0.0862742319539625,210.1332,4.082689,16.40689,0.4271503,50,856,52339,1237654879661195285,963784103394568192
376,0.0306141534362706,226.4856,3.707308,15.50348,0.03588414,111,589,52055,1237654880205209622,663185591055181824
377,0.0682929035274998,41.7163,-0.9919379,16.93854,0.4675294,213,409,51871,1237657584950902794,460551642283010048
377,0.00284551475896399,41.7163,-0.9919379,16.93854,0.4679449,320,7822,57041,1237657584950902794,8806877150382936064
377,0.00283417393840226,41.7163,-0.9919379,16.93854,0.4680001,711,9311,57743,1237657584950902794,10483449600710823936
378,0.0376216792500703,54.73429,0.003393407,-9999,0.308142,432,714,52201,1237657586030346537,804011317668112384
379,0.186049093574816,43.77364,0.4230634,-9999,0.3526317,473,410,51816,1237657586562367545,461749009522911232
379,0.186049093574816,43.77364,0.4230634,-9999,0.3526043,473,410,51877,1237657586562367545,461749010546321408
379,0.186049093574816,43.77364,0.4230634,-9999,0.3526396,507,708,52175,1237657586562367545,797276533633869824
380,0.0145775556270294,244.919,25.72309,16.71502,0.2688824,495,1575,53493,1237662307812442253,1773428476443912192
381,0.0717240576802473,238.5726,32.64386,16.74528,0.0482723,235,1404,52825,1237662336254541906,1580828112910837760
382,0.00811956159926703,356.9778,32.89575,16.8383,0.4313879,510,7751,58081,1237666184572829913,8726990501247733760
383,0.0670834354902059,162.3558,24.85661,16.8632,0.0551085,105,2355,53792,1237667322174308370,2651523206413838336
384,0.0511668495748853,164.6255,60.26678,16.44864,0.1485947,283,774,52286,1237653616935108668,871524356696598528
385,0.100442786949836,158.5358,60.03115,16.53182,0.05095258,520,560,52296,1237653618007605277,630646922863994880
386,0.030371988038184,257.8804,33.59538,16.81195,0.4689836,574,976,52413,1237655504035643433,1099036129480435712
386,0.0363877426023145,257.8804,33.59538,16.81195,0.4696695,711,10904,58402,1237655504035643433,12277008163367309312
387,0.0983750380689054,258.7021,33.46063,16.93017,0.1853971,190,2973,54591,1237655504572710951,3347352726869665792
388,0.00961839688774923,141.9545,40.64222,16.35486,0.4219211,172,939,52636,1237657873792565301,1057267335749986304
388,0.00838273215437859,141.9545,40.64222,16.35486,0.4218811,43,8298,57390,1237657873792565301,9342729370715049984
389,0.0212771237245021,121.4998,26.10066,16.64938,0.1355941,493,1205,52670,1237660343925997873,1356844947348678656
390,0.0952990116134528,146.7191,13.33162,15.93645,0.1331618,125,2582,54139,1237671260667576429,2907107988646946816
391,0.142604039005514,141.5136,12.73436,15.97068,0.02878478,195,2578,54093,1237671261202219152,2902623629701310464
392,0.0364238443466508,344.0141,27.53597,16.64655,0.363488,538,7706,57575,1237680331633983502,8676332693531938816
393,0.020973165230378,227.7845,4.854645,16.94143,0.0769651,85,1832,54259,1237655742946345050,2062672065411966976
394,0.0457564962102594,231.0694,4.855289,16.39617,0.03556989,30,1834,54562,1237655743484657734,2064908752024266752
395,0.0159057659023716,175.0141,41.25098,16.92634,0.07126701,246,1445,53062,1237661966353104935,1626993036724561920
396,0.0174380527009511,220.3232,34.84818,16.66644,0.3508468,33,1645,53172,1237662663208665107,1852114470944401408
396,0.0118949921675421,220.3232,34.84818,16.66644,0.3504505,139,10754,58224,1237662663208665107,12107965944191799296
397,0.0237391949737958,120.3027,19.26245,16.73506,0.4083879,338,1923,53319,1237664092894396610,2165198485274519552
398,0.0255162035648452,126.9939,23.55081,16.42662,0.3020917,212,1928,53327,1237664092897738798,2170793350326675456
398,0.0133112239679533,126.9939,23.55081,16.42662,0.3021395,595,9601,58083,1237664092897738798,10809928693562232832
399,0.0468962649029506,182.6565,31.95167,16.60559,0.3889111,188,2004,53737,1237665226230857737,2256355153055606784
400,0.027112790688346,205.2964,30.37815,16.65741,0.0403911,470,2094,53851,1237665226239311902,2357763662153803776
400,0.010211550386732,205.2964,30.37815,16.65741,0.04036834,206,6496,56363,1237665226239311902,7313902526453272576
401,0.0421509240592257,143.8629,26.28602,16.67719,0.1222322,566,2294,53733,1237667113334341639,2582970029821683712
401,0.0421509240592257,143.8629,26.28602,16.67719,0.1221442,577,2294,54524,1237667113334341639,2582973066749437952
401,0.0147684809301608,143.8629,26.28602,16.67719,0.1220975,732,9630,58086,1237667113334341639,10842617449184251904
402,0.132618851481874,154.3261,29.24279,16.8741,0.04895768,612,2348,53757,1237667113338601477,2643781269577558016
402,0.132618851481874,154.3261,29.24279,16.8741,0.04910105,392,2351,53772,1237667113338601477,2647098496410216448
402,0.132618851481874,154.3261,29.24279,16.8741,0.0489959,392,2351,53786,1237667113338601477,2647098496645097472
403,0.0570963308243802,216.5555,19.92352,16.69291,0.2134592,640,2773,54533,1237667783384498283,3122296439586187264
404,0.049059831112386,216.8544,19.83117,15.47212,0.1098744,430,2774,54534,1237667783384629345,3123364615149348864
405,0.0602816796934414,174.7874,59.19855,15.52044,0.06107836,35,952,52409,1237655107838804035,1071866372457261056
405,0.220258153920568,174.7874,59.19855,15.52044,0.06107284,869,7099,56666,1237655107838804035,7993002419415175168
406,0.0215452974543618,142.0393,38.50016,16.49807,0.4979593,160,1214,52731,1237660635453194247,1366886513190660096
406,0.00946534615374328,142.0393,38.50016,16.49807,0.4982886,902,8862,57461,1237660635453194247,9977973039487537152
407,0.0200707453310314,165.3915,45.65387,16.72152,0.02940889,153,1436,53054,1237660635461320734,1616834373783414784
408,0.0635080416145082,151.3681,42.51043,16.94219,0.2576781,618,1217,52672,1237660635993604115,1370390106002712576
408,0.00853807365972649,151.3681,42.51043,16.94219,0.2573599,950,8301,57390,1237660635993604115,9346356384697176064
409,0.139021807143264,208.819,56.2124,16.94114,0.1215033,443,1323,52797,1237661418748117011,1489687394591467520
409,0.00598249996716487,208.819,56.2124,16.94114,0.1214984,809,8203,57428,1237661418748117011,9235979436679254016
410,0.0185158205182502,225.5171,6.754454,16.83115,0.2876647,501,1831,54557,1237662236410314784,2061660519714023424
411,0.0159458237366203,188.3574,9.523168,16.2348,0.4144244,312,1233,52734,1237662236930998326,1388320392912857088
412,0.025196820982765,214.4981,25.13687,15.51268,0.01626604,85,2127,53859,1237665532785786979,2394812531219654656
413,0.0702274541019366,227.2968,21.9191,16.0557,0.4357807,506,2153,54212,1237665532791095418,2424201658318743552
414,0.0440991015078269,232.7062,20.43469,16.18573,0.2161547,140,2162,54207,1237665533330260008,2434234152082499584
415,0.0492236480511254,231.9903,22.55113,16.77382,0.2538877,557,2161,53878,1237665534927503504,2433222870743148544
416,0.0310523829091825,235.0327,14.19364,16.92546,0.1194492,12,2782,54592,1237668312164007978,3132256916412065792
417,0.0360703885988399,121.4405,7.590634,16.97091,0.05326737,138,2570,54081,1237671123754549333,2893600762204547072
418,0.055347576100994,151.1984,14.77934,16.6673,0.08447076,451,2586,54169,1237671124304527469,2911701198975297536
418,0.0199966016941855,151.1984,14.77934,16.6673,0.08422577,573,9577,57786,1237671124304527469,10782901043501223936
419,0.0840135397786507,141.3035,52.2862,16.36182,0.03551709,418,767,52252,1237654653644243029,863680165295712256
420,0.228138862218266,330.2631,-0.8833982,16.8596,0.2127112,91,372,52173,1237657189818433661,418859815691905024
421,0.153263943160729,195.3038,59.03518,15.5865,0.4761917,20,957,52398,1237658311332790349,1077491748638320640
422,0.0505624502112327,242.6989,33.06042,16.26932,0.09733227,552,1419,53144,1237662474767368261,1597803753161910272
423,0.0820652847183479,325.2273,0.427261,16.74335,0.08385639,427,990,52465,1237663479792075091,1114758321996326912
423,0.0195815605233413,325.2273,0.427261,16.74335,0.0837119,356,9229,58015,1237663479792075091,10391028231256166400
424,0.019574852277455,128.8992,24.99449,16.17371,0.3304307,610,1928,53327,1237664668424208545,2170902751733639168
424,0.0341257244177285,128.8992,24.99449,16.17371,0.3297258,292,9606,58103,1237664668424208545,10815474905426186240
425,0.0642076128732269,200.5558,21.7892,16.85332,0.08519408,476,2652,54508,1237667782841073686,2986017470462060544
426,0.0248042830517979,208.9592,20.77071,15.99191,0.1965366,433,2770,54510,1237667782844547077,3118861839753046016
427,0.0652537226797987,114.0964,39.43827,16.38699,0.1179971,246,432,51884,1237651273490628809,486456411329423360
428,0.188396826700772,359.2263,-10.26814,16.70622,0.07390003,279,650,52143,1237652900210933776,731911666337343488
429,0.0967477790809185,144.9323,56.04181,16.9671,0.1158406,472,556,51991,1237655370352623642,626130123980040192
429,0.0165474906729514,144.9323,56.04181,16.9671,0.1160746,118,8192,57348,1237655370352623642,9223404595728109568
430,0.0995027421190448,163.1364,61.42249,16.73642,0.4208928,618,561,52295,1237655370894213179,631799760788940800
430,0.028252705396657,163.1364,61.42249,16.73642,0.4210257,930,7096,56683,1237655370894213179,7989641487532183552
431,0.0520987173069931,212.0342,43.0546,16.91813,0.2585572,48,1467,53115,1237661360227549221,1651708409738717184
431,0.00223280778286172,212.0342,43.0546,16.91813,0.2585913,278,8503,57519,1237661360227549221,9573603450090180608
432,0.0278339364310812,231.1195,30.54376,16.72009,0.2739726,545,1650,53174,1237662663213056110,1857884708000524288
433,0.0463011272210333,197.8203,14.43694,16.4486,0.4975437,301,1773,53112,1237664290470756364,1996303325292685312
434,0.0508175026407386,206.7704,14.6938,16.82877,0.1341881,612,1776,53858,1237664291548233779,1999766524558075904
435,0.0519371777029601,145.52,23.68525,16.37034,0.02129865,168,2296,53735,1237667211050680439,2585112428261959680
436,0.0333058956781423,210.9018,17.69337,16.83054,0.2253893,152,2757,54509,1237668271365161017,3104147900255463424
437,0.138254560038894,229.8403,59.13996,15.65995,0.07809116,99,613,52345,1237671769073254405,690203895149914112
438,0.0383379530271705,161.2715,8.727518,16.86891,0.1247753,162,2147,53491,1237671930671005742,2417351688781326336
439,0.0905434464910048,123.8203,46.07524,16.66607,0.04102301,278,441,51868,1237651191354687536,496598306315593728
439,0.0262416646980996,123.8203,46.07524,16.66607,0.04095912,988,6391,56329,1237651191354687536,7195897990187601920
440,0.0457229016985825,208.9281,64.67916,16.65175,0.07504274,311,498,51973,1237651537642913822,560783673738160128
440,0.0457229016985825,208.9281,64.67916,16.65175,0.07506416,318,498,51984,1237651537642913822,560785598068058112
441,0.0911169105838325,11.8308,14.70348,16.86586,0.0390731,314,420,51871,1237653651839975466,472964303926880256
442,0.1143199561919,14.29139,14.76949,15.77493,0.1717544,307,421,51821,1237653651841024041,474088278849513472
443,0.011261371860184,259.0081,31.20386,16.00142,0.110327,524,978,52431,1237655503499886636,1101274185700763648
443,0.011261371860184,259.0081,31.20386,16.00142,0.1103326,524,978,52441,1237655503499886636,1101274185868535808
444,0.0524255380279315,245.0531,40.15172,16.98472,0.02850778,138,1171,52753,1237659324954968074,1318466770251573248
445,0.0329336113495767,165.8039,41.6986,16.56802,0.4016196,418,1437,53046,1237662195594035235,1618033116201379840
445,0.0252376604472893,165.8039,41.6986,16.56802,0.4024283,818,8366,57432,1237662195594035235,9419503595462873088
446,0.0165503015152768,254.8742,42.76823,16.8924,0.1738158,988,8533,58017,1237662701332136105,9607575618964443136
447,0.0388206949152866,129.5456,24.89528,16.64696,0.02865592,218,1930,53347,1237664667887534206,2173046799743346688
448,9.06134168540556E-05,24.98236,6.322933,16.80768,0.3953749,767,8755,58138,1237667227682472026,9857464652296114176
448,9.06134168540556E-05,24.98236,6.322933,16.80768,0.3953837,123,11071,58429,1237667227682472026,12464871820053729280
449,0.0125197861189437,339.9768,27.40929,16.92382,0.06540058,414,7652,57579,1237680529738825995,8615500013769084928