int_id,ra,dec,z,psfMag_g,fiberID,plate,mjd,bestobjid
1,118.07435154276199,19.5950771388216,0.1170068,15.92508,612,1582,52939,1237661125071208589
2,178.897309487592,12.8816671729023,0.121609,16.95386,469,1610,53144,1237661813346009111
3,144.369080736716,32.763471337701304,0.1269882,16.35206,466,1943,53386,1237664870287736963
4,208.526762510247,23.430392057193302,0.05523464,16.31171,517,2783,54524,1237665566604525581
5,231.49389245027,18.237816488266002,0.12996939999999998,16.65883,483,2794,54537,1237665566614159471
6,241.332098636342,14.8145245515024,0.3722553,16.69633,468,2524,54568,1237665566618550423
7,175.77512047772598,18.7285827094439,0.3743551,16.76234,9,2506,54179,1237667914342793240
8,2.39524844113998,18.0619462800909,0.30967259999999996,16.65883,207,7594,56947,1237679457073627157
9,185.04952257827802,2.06172905759909,0.24023150000000001,15.87744,280,519,52283,1237651735759159344
10,137.541733247559,48.2282532111393,0.11645239999999998,16.870820000000002,610,7314,56990,1237657772316622887
11,228.896885632621,48.09183288658279,0.311537,16.41499,220,8431,57482,1237659162269777994
12,161.676219722614,39.3383357557092,0.39003909999999997,16.41776,521,8821,57731,1237661382241353805
13,222.104575116879,35.996289179894,0.1132963,16.961389999999998,682,10751,58220,1237662194539298898
14,171.16326018325398,42.0291701487849,0.2248686,15.977910000000001,358,1443,53055,1237662195058933794
15,154.956208781894,33.367701969040496,0.02291058,16.28752,136,1955,53442,1237664337708187670
16,176.691755596947,37.2532519480949,0.2947017,16.86649,59,1997,53442,1237664338252988445
17,211.75163497361999,28.4540762680609,0.07700984,16.05963,443,2123,53793,1237665430243704865
18,232.92191223165,20.3249699130623,0.04937034,16.6885,457,2164,53886,1237665440994427031
19,246.768001786105,14.3568889163002,0.1490557,16.99149,592,2202,53566,1237665441000784065
20,204.566156793895,4.54261035287786,0.02294176,16.61407,111,853,52374,1237671958054502484
21,216.951193409602,5.03945277110909,0.1058275,16.29135,368,585,52027,1237654881274757156
22,156.380340654881,51.6763454652527,0.04458556,16.141189999999998,558,1008,52707,1237657590852681764
23,187.592404622092,66.3651640667223,0.1842309,16.87714,124,494,51915,1237658607148531745
24,184.47907607684,58.6599030869107,0.02310827,16.654420000000002,403,1315,52791,1237658608755736616
25,208.871117445577,35.3922573585327,0.31478049999999996,16.97568,255,8878,57785,1237664853641658425
26,232.16922044867002,28.4249564828155,0.44737780000000005,16.28151,630,1847,54176,1237664854187704371
27,208.358835443315,36.3470773820373,0.2848447,15.800239999999999,512,2033,53476,1237664854715138070
28,211.59121747500302,22.3962597961794,0.09831072,16.07289,10,2784,54529,1237667911140835354
29,191.646873232519,2.36911431727659,0.04813080000000001,16.352529999999998,173,522,52024,1237671763713851428
30,230.521133245336,1.44072226736375,0.11330470000000001,16.99887,240,2953,54560,1237655468599804071
31,253.64933424651198,33.0476112337525,0.1218863,16.92994,31,1175,52791,1237655471824437368
32,149.881984191302,50.7469690624544,0.143485,16.83845,707,7282,56660,1237657632190562344
33,184.291190832023,7.1915682501494,0.007548481,16.76701,32,1624,53386,1237661971185270795
34,13.023213312097301,0.593933783841864,0.4000103,16.68117,77,9412,58096,1237663784739995674
35,210.759610325855,33.3342970565756,0.34165500000000004,16.65577,459,2121,54180,1237665103820095515
36,209.106495899665,25.256600566887396,0.1637161,16.33354,479,2119,53792,1237665531709947914
37,222.65771752298699,22.7343334824488,0.02095448,16.81456,491,2144,53770,1237665532252323890
38,221.131761583409,15.612011511956599,0.04960209,16.70567,5,2762,54533,1237668297145516085
39,340.826878684244,32.766777555306895,0.48718729999999993,16.6824,520,7141,56565,1237672764436185523
40,13.4423178994713,22.539550679888002,0.1485672,16.71861,603,7620,56904,1237679478012575854
41,177.308022899608,-1.74830039926762,0.45807659999999994,16.75572,577,329,52056,1237650371554508818
42,206.08697400711202,66.6215557355974,0.12773410000000002,16.53604,466,497,51989,1237651273514745920
43,120.383175437703,47.604459171383894,0.1568366,16.24095,384,438,51884,1237651274031628444
44,45.089176632048904,-7.24968605215563,0.388484,16.94013,922,7059,56592,1237652901304533008
45,180.94873551320703,52.1304940675038,0.1773402,15.8166,320,883,52430,1237657628991225893
46,188.732945100603,15.565635411038198,0.04582256,16.89869,547,1768,53442,1237661070338555922
47,47.615955313200395,-0.8307899198643259,0.08017637,16.10538,129,412,52258,1237663783144521731
48,140.92917326637698,22.9090577211661,0.03310638,15.85028,578,2290,53727,1237667254535258208
49,208.648701040843,18.0881845867872,0.1514729,16.48697,228,2756,54508,1237668297677013119
50,188.01510498316003,20.1582063449431,0.06355042,15.899939999999999,342,2613,54481,1237668298205364227
51,221.66757382177997,16.4006280944715,0.05418641,16.97924,423,2763,54507,1237668298219389033
52,350.736050751221,18.971269414355,0.1418399,16.9569,430,7604,56947,1237672766054006804
53,9.05209951960404,5.8310752074532495,0.41478009999999993,16.51268,79,8748,58396,1237678663038533695
54,154.802353512683,63.9674106377648,0.04151702,15.99857,161,488,51914,1237651272431829033
55,187.02875903806998,67.14559050578829,0.443349,16.91778,266,494,51915,1237651272437792771
56,28.8751201525089,-8.951135451058109,0.164699,16.97454,734,7184,56629,1237652900760584218
57,233.96833826454102,57.902637526946705,0.03022659,15.276179999999998,108,615,52347,1237654949448450067
58,161.42400785012399,52.0432038546058,0.284092,16.86564,958,8167,57071,1237657589780316167
59,182.350320964096,10.603349183494,0.39498790000000006,16.65855,489,1229,52723,1237658493354115106
60,206.110077285244,44.2722263497268,0.05435376,16.98159,367,1345,52814,1237661852549709864
61,246.03907005811797,26.0752616364718,0.0392371,16.85316,640,1575,53493,1237662620264497244
62,223.708438328892,11.2429115485443,0.4674143,16.51175,11,1714,53521,1237662636368330851
63,238.685753752462,8.372623870818,0.11884120000000001,15.946229999999998,568,1727,53859,1237662636374949957
64,203.022038946236,31.460126719911898,0.08976129,16.65084,250,2109,53468,1237665227312136208
65,242.15157089619,12.3309889481043,0.03339824,16.34526,532,2525,54569,1237667782322028653
66,258.26859053235097,35.3926621242826,0.08366632,16.353579999999997,148,2972,54586,1237671936043909353
67,245.94118152318802,41.0823419445773,0.033103,16.766389999999998,76,1171,52753,1237659326565449796
68,236.37598671320598,48.769157495315106,0.39967140000000007,16.36417,896,8429,57893,1237659327097864217
69,125.06504646849399,59.7078934626782,0.3679648,16.308320000000002,413,1873,54437,1237663789569474622
70,119.92067773304301,50.839984313368305,0.05436408,16.62594,11,1869,53327,1237663915728568373
71,198.073961097746,35.2558521836185,0.18295279999999997,15.798029999999999,61,2016,53799,1237665129622339736
72,226.67052199498798,24.5092739845039,0.3557244,16.81786,341,2155,53820,1237665178452557856
73,222.786506868251,27.157482347993604,0.06449452,15.557210000000001,637,2142,54208,1237665180061335571
74,39.8453122705439,-0.0221242533877779,0.2615414,15.64838,530,9371,58073,1237666407922991134
75,209.13666040610198,21.064540788785,0.30045700000000003,16.81795,12,2769,54527,1237667735592435753
76,11.020311427061,1.5619010712901202,0.4280129,16.69379,108,7856,57260,1237678595947823134
77,346.181158120894,-8.68573395492296,0.04702275,15.36474,510,725,52258,1237653438155128872
78,213.311984340227,-3.2075902896163195,0.005893506,16.480629999999998,83,916,52378,1237655497594896459
79,48.7558884557909,42.035819696926296,0.02309059,16.81771,348,1665,52976,1237661059573875305
80,218.798041991338,36.077007778656395,0.42867170000000004,16.95174,983,10757,58223,1237662305117339725
81,232.419094091705,30.4859304861918,0.03571216,16.43601,620,1651,53442,1237662305122910284
82,236.12720177225398,28.465797191230504,0.23235679999999997,16.61018,515,1653,53534,1237662305124614166
83,214.98632840153198,37.653567149617295,0.4769755,16.9806,688,10756,58226,1237662305652768807
84,15.609655487186698,-0.651257171202543,0.2942613,16.15622,276,396,51816,1237663783130497044
85,120.255896869717,18.8113299941732,0.13953770000000001,16.6939,382,1923,53319,1237664836996891003
86,131.725408664973,25.3700884621307,0.05079341,16.59569,534,1931,53358,1237664837002395706
87,176.994129796482,27.249818660177898,0.362186,16.07895,280,2223,53793,1237667442967969827
88,187.12855753654202,28.2366090699331,0.09969537,16.66731,594,2233,53845,1237667444045643815
89,189.78766409042998,0.8573465067367841,0.39625609999999994,16.51577,604,2920,54562,1237648705653637151
90,192.751840194392,66.0574454982807,0.2817113,16.80311,207,495,51988,1237651067891417167
91,239.073282173418,55.139194345686995,0.3870074,16.90064,651,8413,57897,1237651539261194318
92,115.96677422986001,27.210973824849702,0.2527351,15.817470000000002,215,1059,52618,1237657118403657960
93,151.42440431062,43.54456475444079,0.17829129999999999,16.45981,228,8287,57401,1237660637067542562
94,225.67662736001702,39.8690332063291,0.3415512,16.81493,514,1398,53146,1237661434858373164
95,214.25343894862,44.9351064381009,0.11370730000000001,16.64235,296,1287,52728,1237661435927855168
96,231.974195691306,6.17191994518396,0.1743191,16.283279999999998,140,1819,54540,1237662262713647203
97,185.995740142724,40.735937962692795,0.09574385,16.58805,490,1986,53475,1237664669519642696
98,240.682970536908,17.7511006599696,0.35581,16.798070000000003,193,2199,53556,1237665441534705741
99,161.115619468982,27.301748154209104,0.07582421,16.98099,25,2356,53786,1237667253469708300
100,176.456203592664,29.1116913071555,0.14262539999999999,16.6046,194,2222,53799,1237667253475672093
101,186.424790905255,20.917585072629997,0.3338061,16.497529999999998,330,2612,54480,1237668299278450691
102,247.81687848276502,9.93274718458236,0.09159148,16.79772,599,2532,54589,1237668311632904348
103,139.259950128229,-0.7382082574517751,0.322346,16.60262,174,3821,55535,1237650795143233717
104,141.30982452115,54.740862867068394,0.4740823,16.356820000000003,940,7285,56991,1237653613722337304
105,129.956875405551,48.783737756886794,0.03919747,16.96376,535,550,51959,1237653614255145094
106,216.10091171277801,59.8834639665627,0.13479649999999999,16.09305,507,789,52342,1237655465922789404
107,118.10718923871401,28.5110905092883,0.06183716,16.43003,628,1059,52618,1237657630579359815
108,173.167741692077,52.9504009773018,0.02645922,16.22972,337,880,52367,1237657630599872600
109,126.639626241644,7.71344543161729,0.31135250000000003,16.80975,187,1758,53084,1237661066553786531
110,162.532324949872,11.541294937235598,0.1337497,16.08801,118,1601,53115,1237661949708075070
111,197.898583359163,14.413112166535099,0.1139307,16.83783,77,1772,53089,1237662525234479221
112,208.107504309411,13.4814642729499,0.402565,16.824189999999998,149,1777,53857,1237662529526694003
113,25.1458968989919,23.7475362643822,0.3233816,16.77703,980,7687,57007,1237666275277209644
114,157.060606960451,21.331975196269,0.3733639,16.90939,9,2366,53741,1237667549268082776
115,164.612716800106,22.5926469594588,0.09356441,16.78429,228,2486,53876,1237667549271228440
116,162.964354268775,-0.8549051854983699,0.3589468,15.790920000000002,251,276,51909,1237648720149544981
117,166.632381386884,-0.8812136376939841,0.42369929999999995,16.26549,710,3773,55240,1237648720151117971
118,258.548483771929,57.9761127365733,0.09262062,16.62054,414,355,51788,1237651212287475940
119,256.172429695378,60.7418071025179,0.3715231,15.44781,377,353,51703,1237651225171132471
120,260.11124920086,55.673395753109105,0.3592547,16.97341,472,367,51997,1237651225710362748
121,139.98062373679,55.3602988828022,0.1228317,16.00401,133,451,51908,1237651249878007833
122,226.543769571274,2.2805621250440002,0.1346648,16.40363,586,539,52017,1237651736851054654
123,200.437386719864,3.51547971957148,0.26888959999999995,16.36615,537,526,52312,1237651737913393173
124,260.666389072333,30.8812841598767,0.04310874,16.36721,133,2974,54592,1237654953748201616
125,176.979490951157,9.04135094408408,0.06871108,16.30482,9,1225,52760,1237660612902977553
126,173.397686014557,9.65042584915821,0.3789705,16.938879999999997,39,1223,52781,1237660613975146630
127,178.421529788664,10.2983487120647,0.1605024,16.503610000000002,435,1227,52733,1237660614514245640
128,172.054268403917,10.385646705997699,0.05014781,16.34229,471,1223,52781,1237660615048364067
129,174.408531910742,10.6583791957367,0.17459760000000002,16.698529999999998,412,1224,52765,1237660615049347102
130,175.042193215612,10.491148171145301,0.1496747,16.959529999999997,502,1224,52765,1237660615049609277
131,154.187988182351,42.17376193601061,0.05502596,16.21303,54,1218,52709,1237660634383777814
132,185.14624383797698,38.887904044546296,0.3758788,16.93722,374,8834,57458,1237662223530655780
133,357.983848662867,-1.15369495464933,0.1743928,15.71855,698,9208,57688,1237663275779424259
134,149.982692117353,13.043819025097001,0.03524098,16.31363,372,1744,53055,1237664106852450313
135,206.906069667779,30.214517272985802,0.1175316,16.62782,630,2094,53851,1237665329860575281
136,175.31732547212602,21.939373704754896,0.06329135,16.685579999999998,639,2504,54179,1237667782293979150
137,180.887239642262,2.49292789963925,0.07723631,16.65983,360,517,52024,1237651736294195259
138,131.941919280657,38.5275923336861,0.3139918,16.8273,446,8829,57446,1237657775541714969
139,128.105623069398,37.1267266770351,0.09166554,16.01139,23,827,52312,1237657776614015113
140,116.423630918095,31.7157390082889,0.46088100000000004,15.67346,46,755,52235,1237657596220211254
141,119.083632612931,30.759857864713698,0.23644079999999998,16.97004,293,1061,52641,1237657606420758795
142,163.686251702587,48.527528022138995,0.2858998,15.86201,545,963,52643,1237658613589999623
143,151.858753606569,12.815623248672301,0.2407427,15.374239999999999,630,1744,53055,1237661069785956459
144,183.083452157566,45.860621388990296,0.3859257,16.96341,151,7427,56751,1237661874013601827
145,228.679455012092,36.8473384565634,0.3700202,16.68498,410,10743,58222,1237661874028871772
146,170.089049737397,11.076325175660902,0.4951543,16.80213,135,1605,53062,1237661948637544582
147,178.455285412146,11.4751198533863,0.1756542,16.40065,249,1610,53144,1237661948641148990
148,239.79012077648,35.0298619757863,0.03102375,15.71574,78,1417,53141,1237662504293892158
149,195.59633243695203,14.1025107529498,0.2852145,16.92333,107,1771,53498,1237662524696625212
150,21.9490106969614,26.6110223480098,0.4175824000000001,16.9953,161,7683,58133,1237680075005952144
151,153.507785327888,46.3315894449862,0.3219058,16.68918,578,7385,56710,1237658205575970929
152,65.2930940858561,27.9467613484507,0.001250121,16.950960000000002,60,1251,52964,1237660554376183949
153,64.7285626255004,28.1353657516673,0.0004606231,16.8638,194,1251,52964,1237660554913185806
154,231.60010996851102,27.9144847261708,0.2308216,16.66256,390,1848,54180,1237662697571025035
155,182.684482458995,38.336189295835204,0.02289685,16.11059,120,2108,53473,1237664339328827423
156,216.89835109484403,26.5373763060043,0.3636065,16.5915,340,2135,53827,1237665429172125706
157,230.30940632429198,22.4621804711326,0.13608699999999999,16.29501,114,2158,54209,1237665429177696323
158,141.827111746962,23.0201029066039,0.02641824,16.87856,278,2293,53730,1237667211586109448
159,241.91378513170798,10.5987942011028,0.4583784000000001,16.91273,404,2526,54582,1237668271378661560
160,241.04572515520098,11.449895019047199,0.43627209999999994,16.98166,278,2525,54569,1237668271915073651
161,11.2463797817711,19.3614500469758,0.178817,16.89184,630,7618,56898,1237679459748610052
162,144.254368451507,1.09548098090632,0.05026412,16.61865,523,476,52314,1237651752920940614
163,193.83206453985198,1.73673376771481,0.34287280000000003,16.00927,215,523,52026,1237651752942632987
164,129.24543115630698,44.433966255747606,0.2543997,15.631720000000001,498,762,52232,1237655108362109100
165,146.98330765685802,53.83342185891829,0.48286720000000005,16.81651,444,8188,57348,1237655108368662532
166,180.046968300207,10.026555681684801,0.08525841,16.84693,29,1227,52733,1237658492816261137
167,208.399673542861,26.5298803942465,0.3079511,16.82974,84,6006,56105,1237665550497546278
168,227.307492452552,17.9527832175244,0.1705441,16.84569,89,2792,54556,1237665565001973817
169,169.476332762592,26.5712851060043,0.4207183,16.80266,262,2216,53795,1237667430105677962
170,181.19965487794101,17.0491237489166,0.2979022,16.99519,150,2595,54207,1237668495247212561
171,343.280704021676,19.7096142071324,0.2840043,16.94032,283,7609,56959,1237679504848912411
172,133.246755700366,3.22239685093975,0.2967729,16.21801,383,565,52225,1237654601556033738
173,151.083893360551,5.21679885340949,0.1601164,16.4356,4,995,52731,1237658422476144713
174,146.37237042333598,9.60289180460873,0.01317231,16.93962,179,1305,52757,1237660669814177814
175,160.86029961279,11.090071872713402,0.04752789,16.7986,310,1601,53115,1237660669820403794
176,146.888397537633,10.085758941999401,0.1389904,16.90138,548,1305,52757,1237660670351245396
177,150.14116780793898,10.7899338837009,0.2262018,16.61263,494,1307,52999,1237660670889558085
178,165.257401251623,11.0469264193095,0.03562488,16.98309,218,1603,53119,1237661811729498144
179,176.084624772487,11.5835590152543,0.2702015,16.97898,248,3245,54894,1237661811734151232
180,186.44468605237702,12.6618687472754,0.008624043,16.44751,388,1615,53166,1237661812812349452
181,192.38216576565603,52.5108667683683,0.16176949999999998,16.58836,561,8222,57431,1237662302428463129
182,226.007371084412,44.986384936079205,0.4925389,16.75674,930,8490,57104,1237662302438621215
183,244.818929569632,33.710671568215105,0.47048019999999996,16.885189999999998,242,10727,58197,1237662302446616670
184,117.277116543823,45.176080260507405,0.1921771,16.890179999999997,795,8276,57067,1237663546898317389
185,120.324544197067,48.4548856071509,0.4268849,16.93505,556,7324,56935,1237663546900021305
186,3.19972232373723,-8.78350621777161,0.22035860000000002,16.83776,665,7169,56628,1237672842284105777
187,125.784525021134,42.255840553098295,0.05601526,16.86009,396,761,54524,1237673309358719012
188,119.58202695467199,42.326432657101606,0.2112217,16.61562,871,8291,57391,1237673310430494741
189,220.158741056948,53.5044200637115,0.03688876,15.70771,292,1163,52669,1237661388680200322
190,247.85178244254902,29.8837699811369,0.2541572,16.920479999999998,260,1685,53463,1237662301374840978
191,134.137462257164,59.9630264581715,0.2834395,16.88484,585,8197,57064,1237663547442987076
192,123.733753648505,53.425983027559006,0.11966800000000001,16.746679999999998,444,1781,53297,1237663547976122397
193,232.28106462691397,56.2685233913348,0.09967799,16.55593,524,2883,54525,1237668603681636416
194,136.229148544618,51.2457211079303,0.22469029999999998,16.8848,300,7295,57067,1237654381977272374
195,118.190000861499,26.293259065172897,0.08193932,16.8992,104,858,52316,1237657879150788730
196,187.725487497975,11.0031160110938,0.2355721,16.65485,417,1232,52731,1237658493893279772
197,237.70123891068698,40.0291407222094,0.4965286,16.973370000000003,309,1054,52516,1237659118794440735
198,172.170824919769,57.8351420136773,0.05126621,16.8757,443,1309,52762,1237661354314956869
199,178.424075536906,46.211729064600604,0.02425128,16.54811,129,1446,53080,1237661355931795520
200,175.19956437577702,46.368008130609,0.11451969999999999,15.936979999999998,202,1444,53054,1237661356467683397
201,179.719153175296,42.5703404939045,0.03150504,16.80872,599,1447,53120,1237661967428419615
202,238.368726425501,9.85058350934634,0.19185460000000001,16.643279999999997,566,1726,53137,1237662637985300487
203,211.744639971682,14.7106343744678,0.26514099999999996,16.37388,295,2745,54231,1237662638510571558
204,244.348637626386,8.90410631950591,0.206697,16.88356,149,2529,54585,1237662638524727575
205,160.18301472562402,33.0164409355735,0.08178837,16.72587,292,2025,53431,1237665129071771733
206,214.9586410367,19.7376371741472,0.07721192,16.654529999999998,466,2773,54533,1237667735057989732
207,147.17780447376,50.49206751204329,0.0563294,16.61317,134,902,52409,1237657770171957290
208,246.530184193934,33.987590480665695,0.20480900000000002,16.34169,379,1058,52520,1237659153681219695
209,243.256772761121,37.28748871710629,0.06949385,16.41038,444,1056,52764,1237659154216255572
210,244.440150947305,6.06487141316813,0.03787673,16.7914,111,1731,53884,1237662198827843743
211,244.29759270176498,6.6426390508563395,0.22906079999999998,16.97769,251,1732,53501,1237662199364583771
212,135.463067629476,10.505713573435699,0.2009477,16.19361,419,1738,53051,1237671260125724849
213,21.700379502068802,3.4518654607347297,0.21697919999999998,16.739060000000002,244,8762,57693,1237680097551974459
214,167.550317899718,1.22440806617476,0.09478367,16.786820000000002,527,278,51900,1237648722835865677
215,136.153972638507,55.60076372187451,0.03724452,16.84809,469,450,51908,1237651252024836118
216,197.078754557291,3.74367492731622,0.2273587,16.95362,248,850,52338,1237655123940999236
217,173.593675426399,4.1910129271382095,0.1080859,16.429270000000002,59,837,52642,1237655124467646510
218,210.40263711949402,4.27423788206763,0.1642211,16.91477,10,856,52339,1237655125020573787
219,170.28576017900298,53.8558441715849,0.1027759,16.44148,74,1012,52649,1237658801497374731
220,200.202798658819,51.0538033254952,0.46657299999999996,16.95929,734,8210,57426,1237662301356884038
221,215.37395839575,47.7901477923516,0.07260436,15.06143,946,6751,56368,1237662301361471517
222,177.82398345535302,38.372663243924706,0.3342988,15.817620000000002,639,1997,53442,1237664820359462950
223,171.901587857322,26.9140296500608,0.379181,16.95666,640,2216,53795,1237667323251916811
224,146.814819066714,63.287906924058895,0.4868797,16.41837,391,487,51943,1237651274040999952
225,127.49496028568599,51.5123759655781,0.3424423,16.5243,446,7302,57012,1237651495224410119
226,10.6535842698811,-10.822789372619699,0.04199469,16.86559,58,655,52162,1237652946382749732
227,15.3042974940871,-9.461707067381179,0.35692690000000005,16.29563,548,658,52146,1237652947995394051
228,339.032007907619,13.732041882709801,0.3257094,16.27131,388,739,52520,1237656242236948506
229,152.228898368794,37.6583232683398,0.05348795,16.54636,551,1426,52993,1237661383311818774
230,322.95518461498403,72.36485750021829,0.0004606231,15.81843,241,2538,54271,1237663228538519645
231,189.58415886028598,17.8442092625998,0.4527477,16.62967,732,5854,56035,1237668624624975912
232,196.39371275862499,18.325794657943998,0.1182318,16.97038,443,2603,54479,1237668625701535848
233,152.685453306086,0.7253646223745192,0.1774282,16.109379999999998,537,270,51909,1237648722292506678
234,166.412465564107,2.04927582460845,0.1055859,16.58266,74,508,52366,1237651753467510819
235,169.013055867046,2.14784904362257,0.210923,16.94248,315,511,52636,1237651753468625012
236,210.076749229908,5.04507292244169,0.03417736,16.5108,528,856,52339,1237655126094119082
237,166.985572596805,47.7429948200486,0.07267616,16.82817,60,964,52646,1237658611980238874
238,124.40972853268299,24.391688220474,0.282236,16.847189999999998,908,11118,58522,1237661086956388518
239,142.415990596525,37.702417499437,0.44163040000000003,16.42717,984,8862,57461,1237661852529000477
240,239.657841738886,28.477520220289897,0.32298499999999997,16.5824,578,1391,52817,1237662307273212005
241,216.627827339016,39.0620509930237,0.08168268,16.97026,447,1381,53089,1237662307800580110
242,25.0711003044662,-0.8341749905931891,0.33440679999999995,16.14605,742,7845,56980,1237663783134625892
243,33.6398373208075,-0.7667199858445609,0.02609349,16.302529999999997,132,1073,52649,1237663783138361393
244,136.848154103987,17.2712059696585,0.09820116,16.86702,685,9550,57787,1237667485918625874
245,39.54194968027029,1.5719559095344198,0.39189850000000004,16.93913,24,9420,57715,1237678437553143914
246,101.28484512651501,-0.765784903759715,0.25891959999999997,16.71708,146,7258,56605,1237646791699663123
247,52.5552683776908,-5.54331580016994,0.01336469,16.965970000000002,361,461,51910,1237649964066930743
248,188.156189367335,66.4145168920665,0.0467449,16.94973,89,494,51915,1237651271364247574
249,321.581903215608,-6.90249065457456,0.41757209999999995,16.9166,513,640,52200,1237652600102191125
250,10.5928901502269,-10.6288355240593,0.42368420000000007,16.466089999999998,282,656,52148,1237652629103116341
251,241.283014510131,48.572815716442,0.2946006,16.659270000000003,604,8060,57894,1237655349966077998
252,223.10280914614398,45.3732349972709,0.46842829999999996,16.836170000000003,290,8489,57483,1237662499462774858
253,196.78652339831402,34.4060752023957,0.1863378,16.69324,618,2006,53476,1237665024909312062
254,198.594590262883,34.494024118298995,0.07446658,16.52378,315,2023,53851,1237665025446838328
255,32.9508946488584,21.2633905961492,0.4894076,16.72804,48,2046,53327,1237666273669873724
256,163.155202999763,24.1075952803977,0.3984866,16.1135,30,6417,56308,1237667551418253375
257,207.47017857257,2.07920597783295,0.03288136,16.610310000000002,165,530,52026,1237674601603072055
258,23.575799755444798,0.260196774951927,0.40109829999999996,16.81288,738,7847,57012,1237657071157444676
259,29.9593868572445,0.3946918424079579,0.16280799999999998,15.87031,1,9390,58103,1237657071160262668
260,169.740424431299,58.0565505505103,0.02783847,16.906229999999997,129,951,52398,1237658302207426574
261,176.49813335828898,46.219213243594,0.1540704,16.99962,518,7404,56776,1237660634390986757
262,153.543585153647,42.3965173074416,0.09349871,16.7216,149,1218,52709,1237660634920452148
263,211.161667688209,43.452075672220296,0.3228939,15.65463,216,1467,53115,1237661433242779716
264,214.675940024239,42.5620532383846,0.42073059999999995,16.4582,834,8504,57518,1237661433243959449
265,221.691427461105,40.5849405597265,0.2679094,15.855120000000001,190,1397,53119,1237661433783320584
266,212.722634162607,9.174150445208529,0.17812999999999998,16.758960000000002,602,1809,53792,1237662238015291407
267,218.266685546887,8.78801609916346,0.3677692,16.74023,586,2908,54611,1237662238017650787
268,223.64311790462398,8.060194597985081,0.129768,16.70955,573,1814,54555,1237662238020010072
269,205.986433538424,25.6465857321374,0.0863796,16.42306,66,2246,53767,1237665548886081562
270,224.678087351376,21.6027635641452,0.06334238,16.861629999999998,56,2148,54526,1237665548893749307
271,172.788526045939,26.535514372490898,0.24329720000000002,16.96711,229,2219,53816,1237667429570052151
272,195.745162043214,16.407706336421498,0.06738997,16.30954,259,2603,54479,1237668589190709289
273,180.309816862222,-3.6780965188156003,0.01948028,15.90819,121,331,52368,1237650760243216505
274,199.264224559833,-2.26131792119044,0.01930216,16.795560000000002,38,4053,55591,1237650761862086708
275,118.855378735931,39.1860797437647,0.03316471,16.123279999999998,344,544,52201,1237654391639638190
276,115.359933057227,35.7840614320652,0.1335356,16.80782,772,9362,57801,1237654392174608477
277,172.173397385876,63.597526564343994,0.12504669999999998,16.90683,217,597,52059,1237654398616797207
278,169.812952552985,48.3992145041227,0.43750100000000003,16.95897,958,7394,57131,1237658203970273341
279,192.991272008899,6.2282344668668905,0.37494299999999997,16.741239999999998,260,1792,54270,1237661970115264597
280,176.144703618758,7.08791437283131,0.07481194,16.95477,189,1621,53383,1237661971181731895
281,121.39451728968099,54.52468061960651,0.40506590000000003,16.390520000000002,297,7281,57007,1237663787956502579
282,196.956821632296,35.0278677255538,0.30045900000000003,16.97731,63,10251,58173,1237665129085075513
283,200.855182760906,34.516477221891996,0.44261320000000004,16.85916,65,2023,53851,1237665129086517293
284,162.932897148729,33.9907468666646,0.1671385,16.8643,560,10268,58487,1237665129609756690
285,141.477979444969,19.901422941201197,0.19209489999999999,15.6198,212,9561,57809,1237667292116615199
286,133.663514688836,17.6895568856722,0.06521195,16.11911,151,2281,53711,1237667292650143749
287,142.643467622473,20.737951241820102,0.2422345,16.904870000000003,36,9561,57809,1237667292654075927
288,147.247812867355,43.5886005776608,0.2262564,16.82064,457,8286,57062,1237658205036871793
289,70.63949917537609,24.200917903369998,0.0004606231,16.50431,275,1257,52944,1237660557062570087
290,146.938108500628,7.42237930879385,0.08555584,16.88852,47,1234,52724,1237660583368196151
291,232.825339669892,7.4577557745435,0.03369032,16.02225,373,1820,54208,1237662238560878668
292,153.263247491262,35.8565968628565,0.07885244,15.40775,614,1951,53389,1237664668971434032
293,121.219738060765,21.347272265078303,0.1244479,16.59025,124,1584,52943,1237664669494542388
294,226.7963424404,23.9481789563,0.44346260000000004,16.94665,108,2152,53874,1237665442602221603
295,164.505084704284,20.4871845629535,0.06627592,16.6594,308,2488,54149,1237667781752651797
296,15.8041380604424,2.35275955345185,0.3937449,16.99887,906,9393,58100,1237678597023662093
297,212.515272433196,0.213964268545072,0.1358213,-9999.0,516,302,51688,1237648704589856863
298,141.542708127202,59.479831336055696,0.3429511,15.518139999999999,91,485,51909,1237651538166415451
299,134.135026433055,50.687241508886395,0.2344913,16.42035,492,551,51993,1237654382513553449
300,220.29811321918203,-2.2097652645425,0.08226972,16.65174,23,919,52409,1237655498671718476
301,198.27367461514,-2.17756655497177,0.08373255,16.98876,485,340,51990,1237655499198955616
302,244.205935353466,41.904551712543295,0.441226,16.98264,701,8526,57898,1237659326027923505
303,228.269039435555,30.701189294394002,0.34837470000000004,16.87122,229,1649,53149,1237662224083320873
304,151.010865343611,28.926487268583603,0.32880240000000005,15.86561,658,10449,58137,1237665126920486976
305,20.4992478367444,-1.04009913936062,0.05435418,16.43903,10,398,51789,1237666338116927553
306,186.226930399321,21.379556211116398,0.4338264,15.876079999999998,204,2646,54479,1237667781224628269
307,195.083227970876,61.655043616653,0.05218846,16.803910000000002,59,782,52320,1237655369290154042
308,127.68904549982099,34.0922377219278,0.06234368,16.951420000000002,52,1197,52668,1237657628436136041
309,143.760544899869,43.519630709001504,0.4574838,15.7502,764,4638,55956,1237657628442951821
310,148.915947186087,45.5380546809104,0.2593244,16.92546,383,7284,56683,1237657628444786773
311,183.955967502197,54.7066630743748,0.1500787,16.86134,390,8214,57867,1237658801500848188
312,218.019174442896,39.744176504682606,0.3483029,16.53744,473,10749,58485,1237661872414392455
313,182.6347821727,45.0057303149036,0.3613026,16.85025,243,7427,56751,1237661872939728918
314,24.539754582048698,-1.1556274695733502,0.2729934,16.75846,82,4230,55483,1237663782597492781
315,160.299887077086,28.468083727266897,0.21093,16.39174,364,10471,58132,1237667255080124453
316,176.29277616792,30.7881221355957,0.05897063,16.49436,453,2222,53799,1237667255623155793
317,236.884042836755,10.414226867598199,0.13825510000000002,15.965520000000001,249,2520,54584,1237668331498438759
318,235.919755463229,11.467046178220198,0.42150709999999997,16.67449,157,2516,54241,1237668332571656247
319,71.1199052825292,12.353259111375198,0.08929483,16.596339999999998,451,2669,54086,1237673453240516809
320,352.38406216401705,4.634580482792,0.2221254,16.9425,262,11288,58401,1237679005023469614
321,142.29080352882798,46.7400159741819,0.2399645,16.323179999999997,615,833,52314,1237657401883951120
322,184.31701007110198,8.161687140741089,0.34195180000000003,16.9848,633,1624,53386,1237658424638111781
323,253.96404229330201,21.7671581845499,0.1534853,16.36361,144,1415,52885,1237661464921637034
324,213.28811428257902,9.33645164720564,0.45961579999999996,16.697589999999998,504,1810,53794,1237662264316067873
325,182.810679031646,36.960994912584894,0.171159,16.81626,620,8865,57426,1237664818213683234
326,236.931416341394,20.8712961021888,0.264278,15.559660000000001,484,2168,53886,1237665535466537048
327,230.401279650507,24.4816170002805,0.165382,16.986629999999998,243,2160,53885,1237665536537198687
328,212.1159329131,24.156850002031803,0.1303311,16.85882,91,2124,53770,1237665548351701040
329,188.42366613869203,31.0174460469342,0.2909834,16.92953,654,11396,58490,1237667255627743243
330,157.892899788982,28.7836418687312,0.06026049,16.84554,123,2354,53799,1237667287812800519
331,255.629421165098,32.7887968007749,0.16324249999999998,15.93361,114,973,52426,1237655473435574299
332,239.10792059055,9.05519027063632,0.04249031,16.7925,634,1726,53137,1237662534360957178
333,243.555039437141,26.0711992904378,0.1309488,16.280820000000002,35,1393,52824,1237662618653098133
334,169.352405216653,15.633477759064698,0.3697132,16.61567,562,1752,53379,1237664133169152030
335,171.679237985618,15.765236795827802,0.4343848,16.8727,324,1754,53385,1237664133170135057
336,190.544191799312,33.2840584059166,0.0435284,15.97251,51,2020,53431,1237665331465027589
337,169.786161815962,21.321649434443103,0.1756461,14.38875,516,6430,56299,1237667734502637678
338,195.48051707093003,21.7318099639215,0.20008,16.70025,265,2650,54505,1237667734513123354
339,257.55591617677004,33.734052289426195,0.20759650000000002,16.22801,4,974,52427,1237655130381615382
340,173.349907428126,55.0710839614037,0.009057861,16.378770000000003,463,1014,52707,1237658802571968533
341,203.253481760528,45.3025082635509,0.31941440000000004,16.9778,164,7407,56772,1237661360761471049
342,216.23139405067502,42.2354527553049,0.31585359999999996,16.66672,260,1395,52825,1237661360765796468
343,220.760809951753,40.7569797179256,0.24606420000000004,16.8438,202,8497,58161,1237661360767434781
344,113.288337360189,45.91840974622,0.1415131,16.07273,508,1866,53314,1237663917873234053
345,157.746222867188,31.048826575313896,0.178397,16.90125,61,10460,58161,1237665127460110343
346,184.080868047373,21.564180219012698,0.49303109999999994,16.9937,133,2645,54477,1237667733971599436
347,193.40714854357898,21.438405544424104,0.12665710000000002,16.13624,215,2649,54212,1237667733975400572
348,11.5332363677354,9.12248487284901,0.23772240000000003,16.62128,120,11047,58424,1237678905713754177
349,117.755931906169,29.238650410292,0.1207952,16.88922,293,1060,52636,1237657242959872190
350,131.15703446620898,5.26078485309477,0.3761259,16.92717,28,1187,52708,1237658491721220237
351,165.524707310206,8.74327687047559,0.294261,16.41374,89,1220,52723,1237658491736227862
352,147.470479431963,39.034431438912,0.365164,16.47719,580,8823,57446,1237660765382049800
353,147.701599803265,39.4473547157288,0.20553470000000001,16.43262,332,1277,52765,1237660765919051807
354,194.331489454245,44.49317212003861,0.3004193,16.32795,679,8376,57786,1237661850935427117
355,169.276656368488,44.2259169646614,0.14373010000000003,15.90426,378,1365,53062,1237661851464499273
356,218.718588218424,48.6618679562701,0.03664102,16.09112,300,1047,52733,1237662303509676064
357,31.5666030810979,-0.291453223335288,0.042957499999999996,15.188579999999998,141,404,51812,1237663783674314797
358,187.50428281386502,33.9836978318705,0.4470214,16.49371,218,10247,58162,1237665023832227881
359,6.22163141724019,6.9468045812772905,0.3134726,16.65075,823,8746,58396,1237669701583503408
360,204.574071990647,48.278061540006,0.027699400000000002,16.744310000000002,113,1283,52762,1237658204517171275
361,50.557918205711495,0.920401692109829,0.1846759,16.89125,328,414,51869,1237660241924522032
362,134.619566519231,34.3955145764075,0.25697939999999997,16.16731,21,10239,58142,1237660343395287063
363,144.935585130322,39.400796115080205,0.4551418,16.6577,636,8833,57779,1237660343399481397
364,197.445838595202,8.33006368841356,0.153836,15.667520000000001,457,1795,54507,1237661972801585176
365,200.730955002131,8.161554242222401,0.04994619,16.445999999999998,369,1799,53556,1237661972802961489
366,198.019616563836,6.6854398100902,0.24182670000000003,16.27522,106,1795,54507,1237661974942253080
367,169.626175901882,40.4316790396093,0.15481140000000002,15.90712,204,1440,53084,1237662193447665730
368,196.555381841398,39.2574383387475,0.44599529999999993,16.09817,618,2018,53800,1237664294757400614
369,172.789517591101,31.2348593965875,0.2898963,16.02135,174,1974,53430,1237665329310924824
370,119.376585603648,15.414745029330401,0.3885836,16.44567,335,2266,53679,1237667109034131612
371,211.02987276435002,21.5560196355316,0.2610683,16.682389999999998,419,2771,54527,1237667910066897008
372,210.643540070653,21.9976677938548,0.06628997,16.56074,802,5870,56065,1237667910603571302
373,358.934303757089,30.2123455369175,0.03060896,16.61485,347,6498,56565,1237680483025223766
374,337.392283505027,30.9533663352782,0.3195133,16.61726,916,7711,57667,1237680499137052974
375,210.13318020767898,4.0826888925898395,0.4271503,16.40689,50,856,52339,1237654879661195285
376,226.48563820889598,3.707307947282,0.03588414,15.50348,111,589,52055,1237654880205209622
377,41.716303716748904,-0.991937861888834,0.46794490000000005,16.93854,320,7822,57041,1237657584950902794
378,54.734290555728904,0.00339340752708443,0.308142,-9999.0,432,714,52201,1237657586030346537
379,43.7736388210589,0.42306340544534005,0.3526043,-9999.0,473,410,51877,1237657586562367545
380,244.91902490015,25.723089313897,0.2688824,16.715020000000003,495,1575,53493,1237662307812442253
381,238.57263257245899,32.6438608516279,0.048272300000000004,16.745279999999998,235,1404,52825,1237662336254541906
382,356.977753929904,32.8957524435701,0.4313879,16.8383,510,7751,58081,1237666184572829913
383,162.355794886334,24.856613351049297,0.055108500000000005,16.8632,105,2355,53792,1237667322174308370
384,164.625528818351,60.266777150637,0.14859470000000002,16.44864,283,774,52286,1237653616935108668
385,158.535759042053,60.0311513286724,0.05095258,16.53182,520,560,52296,1237653618007605277
386,257.88042219600203,33.5953827592238,0.46966949999999996,16.81195,711,10904,58402,1237655504035643433
387,258.702095872828,33.4606313455031,0.1853971,16.93017,190,2973,54591,1237655504572710951
388,141.95447910819402,40.6422233331184,0.42188109999999995,16.354860000000002,43,8298,57390,1237657873792565301
389,121.49976577368601,26.100664890346497,0.1355941,16.649379999999997,493,1205,52670,1237660343925997873
390,146.719061618134,13.3316209178367,0.1331618,15.93645,125,2582,54139,1237671260667576429
391,141.513587643774,12.7343634253477,0.02878478,15.970679999999998,195,2578,54093,1237671261202219152
392,344.014075941889,27.535974607259302,0.36348800000000003,16.64655,538,7706,57575,1237680331633983502
393,227.784506383777,4.85464476774676,0.07696510000000001,16.94143,85,1832,54259,1237655742946345050
394,231.069438328446,4.855289178836831,0.03556989,16.39617,30,1834,54562,1237655743484657734
395,175.014145967806,41.2509836613451,0.07126701,16.92634,246,1445,53062,1237661966353104935
396,220.323227908712,34.8481805718262,0.3504505,16.666439999999998,139,10754,58224,1237662663208665107
397,120.302697620929,19.262444925188397,0.4083879,16.73506,338,1923,53319,1237664092894396610
398,126.993867322241,23.550807616623697,0.3021395,16.42662,595,9601,58083,1237664092897738798
399,182.65652864227002,31.951672892150803,0.3889111,16.60559,188,2004,53737,1237665226230857737
400,205.296430369482,30.378152526715397,0.04036834,16.657410000000002,206,6496,56363,1237665226239311902
401,143.862880830452,26.286018662681602,0.1220975,16.67719,732,9630,58086,1237667113334341639
402,154.326074549336,29.2427870936998,0.04895768,16.8741,612,2348,53757,1237667113338601477
403,216.55550070730098,19.9235250427247,0.21345920000000002,16.69291,640,2773,54533,1237667783384498283
404,216.85437157130298,19.831171910548,0.1098744,15.47212,430,2774,54534,1237667783384629345
405,174.78734836915797,59.1985514033523,0.06107284,15.520439999999999,869,7099,56666,1237655107838804035
406,142.039308246341,38.500163547879,0.49828859999999997,16.498070000000002,902,8862,57461,1237660635453194247
407,165.391517940379,45.6538669970826,0.02940889,16.72152,153,1436,53054,1237660635461320734
408,151.36809781235002,42.51043355681529,0.25735990000000003,16.94219,950,8301,57390,1237660635993604115
409,208.819001216813,56.212403839816,0.12149839999999999,16.94114,809,8203,57428,1237661418748117011
410,225.51709045419,6.754453776262539,0.2876647,16.83115,501,1831,54557,1237662236410314784
411,188.357433148949,9.523167855348929,0.4144244000000001,16.2348,312,1233,52734,1237662236930998326
412,214.49811940907298,25.136866340658397,0.01626604,15.51268,85,2127,53859,1237665532785786979
413,227.296826010156,21.9190959268362,0.43578069999999997,16.0557,506,2153,54212,1237665532791095418
414,232.706237977341,20.434692190108,0.2161547,16.18573,140,2162,54207,1237665533330260008
415,231.99030606081902,22.551125982133,0.2538877,16.77382,557,2161,53878,1237665534927503504
416,235.032696661931,14.193642730079501,0.11944919999999999,16.92546,12,2782,54592,1237668312164007978
417,121.44047569490499,7.590634232659269,0.05326737,16.97091,138,2570,54081,1237671123754549333
418,151.198371732516,14.779338979106699,0.08422577,16.6673,573,9577,57786,1237671124304527469
419,141.30351406013,52.2861995736288,0.03551709,16.36182,418,767,52252,1237654653644243029
420,330.263086072661,-0.883398155531628,0.21271120000000002,16.8596,91,372,52173,1237657189818433661
421,195.303818770405,59.035183197624505,0.47619170000000005,15.5865,20,957,52398,1237658311332790349
422,242.69888473714002,33.0604244134618,0.09733227,16.26932,552,1419,53144,1237662474767368261
423,325.227317533891,0.42726099038011206,0.08371189999999999,16.74335,356,9229,58015,1237663479792075091
424,128.899195218696,24.9944911263063,0.32972579999999996,16.17371,292,9606,58103,1237664668424208545
425,200.555772276855,21.789204406402604,0.08519408,16.85332,476,2652,54508,1237667782841073686
426,208.959178250458,20.7707060358362,0.1965366,15.99191,433,2770,54510,1237667782844547077
427,114.09637777140301,39.4382651612281,0.1179971,16.38699,246,432,51884,1237651273490628809
428,359.226273786163,-10.268142846267901,0.07390003,16.706220000000002,279,650,52143,1237652900210933776
429,144.932319152818,56.04181356614329,0.11607460000000001,16.9671,118,8192,57348,1237655370352623642
430,163.13644262148,61.422492727611505,0.42102570000000006,16.736420000000003,930,7096,56683,1237655370894213179
431,212.034175938816,43.0546027984948,0.2585913,16.918129999999998,278,8503,57519,1237661360227549221
432,231.11946609757098,30.5437610131051,0.27397259999999996,16.72009,545,1650,53174,1237662663213056110
433,197.82026003921902,14.436937560385001,0.4975437,16.4486,301,1773,53112,1237664290470756364
434,206.770454002198,14.6937998436857,0.1341881,16.828770000000002,612,1776,53858,1237664291548233779
435,145.519965850292,23.6852530546804,0.02129865,16.37034,168,2296,53735,1237667211050680439
436,210.901818589123,17.6933654941123,0.22538930000000001,16.83054,152,2757,54509,1237668271365161017
437,229.840319199156,59.1399585132909,0.07809116,15.65995,99,613,52345,1237671769073254405
438,161.27152934820802,8.72751800505905,0.12477529999999999,16.86891,162,2147,53491,1237671930671005742
439,123.820290894551,46.0752462044216,0.04095912,16.66607,988,6391,56329,1237651191354687536
440,208.928135227046,64.6791574356786,0.07506416,16.65175,318,498,51984,1237651537642913822
441,11.8307994998572,14.7034818523249,0.0390731,16.86586,314,420,51871,1237653651839975466
442,14.2913887977551,14.769494273119,0.17175439999999997,15.77493,307,421,51821,1237653651841024041
443,259.008054029776,31.203861708784,0.1103326,16.00142,524,978,52441,1237655503499886636
444,245.053137879048,40.1517185290864,0.02850778,16.984720000000003,138,1171,52753,1237659324954968074
445,165.80390365022302,41.6985958822766,0.4024283,16.56802,818,8366,57432,1237662195594035235
446,254.874169844859,42.7682327367606,0.1738158,16.8924,988,8533,58017,1237662701332136105
447,129.545592176375,24.895275348594197,0.02865592,16.64696,218,1930,53347,1237664667887534206
448,24.9823565658318,6.3229331738625705,0.3953837,16.807679999999998,123,11071,58429,1237667227682472026
449,339.97677996936795,27.4092858819212,0.06540058,16.923820000000003,414,7652,57579,1237680529738825995
